address,incidentCount
"1 1 AV, LETHBRIDGE, AB, Canada",24
"1 3 ST, LETHBRIDGE, AB, Canada",22
"1 5 AV, LETHBRIDGE, AB, Canada",5
"1 62 AV, LETHBRIDGE, AB, Canada",4
"1 ABERDEEN BY, LETHBRIDGE, AB, Canada",1
"1 ABERDEEN RD, LETHBRIDGE, AB, Canada",23
"1 ACADIA RD, LETHBRIDGE, AB, Canada",22
"1 ALGONQUIN BY, LETHBRIDGE, AB, Canada",3
"1 ALGONQUIN PL, LETHBRIDGE, AB, Canada",5
"1 ALGONQUIN RD, LETHBRIDGE, AB, Canada",26
"1 ALMA ISOBELL HODDER CR, LETHBRIDGE, AB, Canada",2
"1 APERTURE DR, LETHBRIDGE, AB, Canada",2
"1 APERTURE LP, LETHBRIDGE, AB, Canada",8
"1 APERTURE PK, LETHBRIDGE, AB, Canada",1
"1 AQUITANIA BD, LETHBRIDGE, AB, Canada",89
"1 AQUITANIA CI, LETHBRIDGE, AB, Canada",21
"1 ASSINIBOIA RD, LETHBRIDGE, AB, Canada",2
"1 ASSINIBOIA WY, LETHBRIDGE, AB, Canada",11
"1 ATHABASCA RD, LETHBRIDGE, AB, Canada",13
"1 ATHABASCA WY, LETHBRIDGE, AB, Canada",9
"1 AV & 10 ST, LETHBRIDGE, AB, Canada",3
"1 AV & 11 ST, LETHBRIDGE, AB, Canada",7
"1 AV & 12 ST, LETHBRIDGE, AB, Canada",4
"1 AV & 12A ST, LETHBRIDGE, AB, Canada",2
"1 AV & 12C ST, LETHBRIDGE, AB, Canada",3
"1 AV & 13 ST, LETHBRIDGE, AB, Canada",19
"1 AV & 15 ST, LETHBRIDGE, AB, Canada",4
"1 AV & 16 ST, LETHBRIDGE, AB, Canada",5
"1 AV & 17 ST, LETHBRIDGE, AB, Canada",5
"1 AV & 18 ST, LETHBRIDGE, AB, Canada",15
"1 AV & 19 ST, LETHBRIDGE, AB, Canada",8
"1 AV & 20 ST, LETHBRIDGE, AB, Canada",12
"1 AV & 22 ST, LETHBRIDGE, AB, Canada",2
"1 AV & 23 ST, LETHBRIDGE, AB, Canada",6
"1 AV & 24 ST, LETHBRIDGE, AB, Canada",4
"1 AV & 26 ST, LETHBRIDGE, AB, Canada",2
"1 AV & 27 ST, LETHBRIDGE, AB, Canada",1
"1 AV & 28 ST, LETHBRIDGE, AB, Canada",4
"1 AV & 29 ST, LETHBRIDGE, AB, Canada",3
"1 AV & 2A AV, LETHBRIDGE, AB, Canada",1
"1 AV & 3 ST, LETHBRIDGE, AB, Canada",3
"1 AV & 30 ST, LETHBRIDGE, AB, Canada",2
"1 AV & 32 ST, LETHBRIDGE, AB, Canada",6
"1 AV & 36 ST, LETHBRIDGE, AB, Canada",2
"1 AV & 4 ST, LETHBRIDGE, AB, Canada",14
"1 AV & 43 ST, LETHBRIDGE, AB, Canada",8
"1 AV & 47 ST, LETHBRIDGE, AB, Canada",1
"1 AV & 5 ST, LETHBRIDGE, AB, Canada",33
"1 AV & 6 AV, LETHBRIDGE, AB, Canada",1
"1 AV & 6 ST, LETHBRIDGE, AB, Canada",30
"1 AV & 7 ST, LETHBRIDGE, AB, Canada",26
"1 AV & 8 ST, LETHBRIDGE, AB, Canada",26
"1 AV & 9 ST, LETHBRIDGE, AB, Canada",5
"1 AV & CEDAR RD, LETHBRIDGE, AB, Canada",1
"1 AV & CROWSNEST TR, LETHBRIDGE, AB, Canada",2
"1 AV & ERMINDALE BD, LETHBRIDGE, AB, Canada",1
"1 AV & FAIRWAY PLAZA RD, LETHBRIDGE, AB, Canada",1
"1 AV & FAIRWAY RD, LETHBRIDGE, AB, Canada",1
"1 AV & HENDERSON LAKE BD, LETHBRIDGE, AB, Canada",1
"1 AV & INDIAN BATTLE RD, LETHBRIDGE, AB, Canada",1
"1 AV & LAKEHILL CR, LETHBRIDGE, AB, Canada",1
"1 AV & LAKEPOINT RD, LETHBRIDGE, AB, Canada",1
"1 AV & LAKESIDE RD, LETHBRIDGE, AB, Canada",1
"1 AV & MAYOR MAGRATH DR, LETHBRIDGE, AB, Canada",29
"1 AV & MCKILLOP PL, LETHBRIDGE, AB, Canada",1
"1 AV & MEADOWLARK BD, LETHBRIDGE, AB, Canada",1
"1 AV & NORMANDY RD, LETHBRIDGE, AB, Canada",1
"1 AV & SCENIC DR, LETHBRIDGE, AB, Canada",16
"1 AV & STAFFORD DR, LETHBRIDGE, AB, Canada",48
"1 AV & UNNAMED, LETHBRIDGE, AB, Canada",3
"1 AV & WHOOP UP DR, LETHBRIDGE, AB, Canada",2
"1 AV, LETHBRIDGE, AB, Canada",2
"1 AVE & 2A ST, LETHBRIDGE, AB, Canada",1
"1 AVE & 6 AVE, LETHBRIDGE, AB, Canada",1
"1 AVE & CROWSNEST TR, LETHBRIDGE, AB, Canada",1
"1 AVE & MAYOR MAGRATH DRIVE DR, LETHBRIDGE, AB, Canada",1
"1 AVENUE, LETHBRIDGE, AB, Canada",1
"1 BEAVERBROOK BY, LETHBRIDGE, AB, Canada",1
"1 BEAVERBROOK RD, LETHBRIDGE, AB, Canada",17
"1 BEAVERPOND CT, LETHBRIDGE, AB, Canada",13
"1 BEAVERRUN PL, LETHBRIDGE, AB, Canada",4
"1 BERKELEY PL, LETHBRIDGE, AB, Canada",119
"1 BERKLEY PL, LETHBRIDGE, AB, Canada",1
"1 BLACKFOOT BD, LETHBRIDGE, AB, Canada",29
"1 BLACKFOOT CI, LETHBRIDGE, AB, Canada",12
"1 BLACKFOOT CR, LETHBRIDGE, AB, Canada",7
"1 BLACKFOOT CT, LETHBRIDGE, AB, Canada",5
"1 BLACKFOOT RD, LETHBRIDGE, AB, Canada",19
"1 BLACKWOLF BY, LETHBRIDGE, AB, Canada",3
"1 BLACKWOLF PS, LETHBRIDGE, AB, Canada",12
"1 BLUEFOX BD, LETHBRIDGE, AB, Canada",5
"1 BLUEFOX BY, LETHBRIDGE, AB, Canada",15
"1 BLUEFOX PL, LETHBRIDGE, AB, Canada",2
"1 BOTTERIL BOTTOM RD, LETHBRIDGE, AB, Canada",17
"1 BROCK PL, LETHBRIDGE, AB, Canada",13
"1 CAMBRIDGE RD, LETHBRIDGE, AB, Canada",4
"1 CANYON BD, LETHBRIDGE, AB, Canada",7
"1 CANYON CL, LETHBRIDGE, AB, Canada",1
"1 CANYON CT, LETHBRIDGE, AB, Canada",12
"1 CANYON ESTATES LN, LETHBRIDGE, AB, Canada",4
"1 CANYON MEADOWS BN, LETHBRIDGE, AB, Canada",3
"1 CANYONCREST CT, LETHBRIDGE, AB, Canada",3
"1 CANYONCREST WY, LETHBRIDGE, AB, Canada",1
"1 CARLETON PL, LETHBRIDGE, AB, Canada",6
"1 CARLETON RD, LETHBRIDGE, AB, Canada",20
"1 CAYUGA CR, LETHBRIDGE, AB, Canada",27
"1 CAYUGA PL, LETHBRIDGE, AB, Canada",6
"1 CHILCOTIN CR, LETHBRIDGE, AB, Canada",6
"1 CHILCOTIN LN, LETHBRIDGE, AB, Canada",15
"1 CHILCOTIN RD, LETHBRIDGE, AB, Canada",45
"1 CHILCOTIN WY, LETHBRIDGE, AB, Canada",7
"1 CHINOOK HT, LETHBRIDGE, AB, Canada",1
"1 CHIPPEWA CR, LETHBRIDGE, AB, Canada",8
"1 COACHWOOD PT, LETHBRIDGE, AB, Canada",3
"1 COACHWOOD RD, LETHBRIDGE, AB, Canada",7
"1 COALBANKS GT, LETHBRIDGE, AB, Canada",3
"1 COALBANKS LK, LETHBRIDGE, AB, Canada",11
"1 COLUMBIA BD, LETHBRIDGE, AB, Canada",18
"1 COLUMBIA BY, LETHBRIDGE, AB, Canada",9
"1 COLUMBIA PL, LETHBRIDGE, AB, Canada",22
"1 CONCORDIA PL, LETHBRIDGE, AB, Canada",4
"1 COUGAR BY, LETHBRIDGE, AB, Canada",5
"1 COUGAR CV, LETHBRIDGE, AB, Canada",88
"1 COUGAR RD, LETHBRIDGE, AB, Canada",4
"1 COULEE TR, LETHBRIDGE, AB, Canada",6
"1 COULEESPRINGS PL, LETHBRIDGE, AB, Canada",2
"1 COUNTRY MEADOWS BD, LETHBRIDGE, AB, Canada",7
"1 COWICHAN CT, LETHBRIDGE, AB, Canada",13
"1 CROCUS BY, LETHBRIDGE, AB, Canada",3
"1 DAKOTA RD, LETHBRIDGE, AB, Canada",11
"1 DALHOUSIE CT, LETHBRIDGE, AB, Canada",42
"1 DALHOUSIE RD, LETHBRIDGE, AB, Canada",14
"1 DOROTHY GENTLEMAN CR, LETHBRIDGE, AB, Canada",6
"1 EAGLE RD, LETHBRIDGE, AB, Canada",53
"1 EDGEWOOD BD, LETHBRIDGE, AB, Canada",5
"1 EDGEWOOD CR, LETHBRIDGE, AB, Canada",9
"1 EDGEWOOD PL, LETHBRIDGE, AB, Canada",1
"1 EDINBURGH WY, LETHBRIDGE, AB, Canada",7
"1 ELM CR, LETHBRIDGE, AB, Canada",10
"1 ERMINEBEND PL, LETHBRIDGE, AB, Canada",2
"1 ERMINEDALE BD, LETHBRIDGE, AB, Canada",1
"1 ERMINEDALE BY, LETHBRIDGE, AB, Canada",12
"1 ERMINEDALE PL, LETHBRIDGE, AB, Canada",2
"1 ERMINEGLEN PL, LETHBRIDGE, AB, Canada",3
"1 ERMINEGLEN RD, LETHBRIDGE, AB, Canada",1
"1 ERMINERUN PL, LETHBRIDGE, AB, Canada",6
"1 ERMINEVIEW PL, LETHBRIDGE, AB, Canada",1
"1 ERMINEVIEW RD, LETHBRIDGE, AB, Canada",5
"1 ERMINEVIEW WY, LETHBRIDGE, AB, Canada",8
"1 ETON RD, LETHBRIDGE, AB, Canada",1
"1 FAIRMONT BD, LETHBRIDGE, AB, Canada",26
"1 FAIRMONT BY, LETHBRIDGE, AB, Canada",3
"1 FAIRMONT CR, LETHBRIDGE, AB, Canada",4
"1 FAIRMONT CT, LETHBRIDGE, AB, Canada",2
"1 FAIRMONT CV, LETHBRIDGE, AB, Canada",2
"1 FAIRMONT GARDEN RD, LETHBRIDGE, AB, Canada",4
"1 FAIRMONT GT, LETHBRIDGE, AB, Canada",10
"1 FAIRMONT LK, LETHBRIDGE, AB, Canada",1
"1 FAIRMONT PARK LN, LETHBRIDGE, AB, Canada",8
"1 FAIRMONT PL, LETHBRIDGE, AB, Canada",3
"1 FAIRMONT PT, LETHBRIDGE, AB, Canada",13
"1 FAIRMONT RD, LETHBRIDGE, AB, Canada",10
"1 FAIRMONT TE, LETHBRIDGE, AB, Canada",1
"1 FIRELIGHT WY, LETHBRIDGE, AB, Canada",1
"1 FOXBEND CR, LETHBRIDGE, AB, Canada",140
"1 GRAND RIVER BD, LETHBRIDGE, AB, Canada",6
"1 GREAT BEAR BD, LETHBRIDGE, AB, Canada",1
"1 GREENVIEW CL, LETHBRIDGE, AB, Canada",2
"1 GREYWOLF RD, LETHBRIDGE, AB, Canada",4
"1 GRIZZLY TE, LETHBRIDGE, AB, Canada",8
"1 HARU MORIYAMA RD, LETHBRIDGE, AB, Canada",13
"1 HARVARD CR, LETHBRIDGE, AB, Canada",19
"1 HAWTHORNE PL, LETHBRIDGE, AB, Canada",25
"1 HAWTHORNE RD, LETHBRIDGE, AB, Canada",2
"1 HEATHER PL, LETHBRIDGE, AB, Canada",2
"1 HEATHER RD, LETHBRIDGE, AB, Canada",12
"1 HERITAGE BD, LETHBRIDGE, AB, Canada",18
"1 HERITAGE CI, LETHBRIDGE, AB, Canada",2
"1 HERITAGE CL, LETHBRIDGE, AB, Canada",2
"1 HERITAGE CR, LETHBRIDGE, AB, Canada",7
"1 HERITAGE CT, LETHBRIDGE, AB, Canada",9
"1 HERITAGE GR, LETHBRIDGE, AB, Canada",4
"1 HERITAGE LN, LETHBRIDGE, AB, Canada",11
"1 HERITAGE PL, LETHBRIDGE, AB, Canada",2
"1 HERITAGE PT, LETHBRIDGE, AB, Canada",4
"1 HERITAGE RD, LETHBRIDGE, AB, Canada",9
"1 HIGHLANDS PL, LETHBRIDGE, AB, Canada",44
"1 HONEYSUCKLE RD, LETHBRIDGE, AB, Canada",19
"1 HW & 58 ST, LETHBRIDGE, AB, Canada",1
"1 HW & OLDMAN RIVER BRIDGE, LETHBRIDGE, AB, Canada",1
"1 HW & SCENIC DR, LETHBRIDGE, AB, Canada",3
"1 HW & STAFFORD DR, LETHBRIDGE, AB, Canada",3
"1 HW, LETHBRIDGE, AB, Canada",1
"1 IROQUOIS CR, LETHBRIDGE, AB, Canada",15
"1 JERRY POTTS BD, LETHBRIDGE, AB, Canada",88
"1 JESSIE ROBINSON CL, LETHBRIDGE, AB, Canada",9
"1 JESSIE URSENBACH WY, LETHBRIDGE, AB, Canada",2
"1 KENSINGTON RD, LETHBRIDGE, AB, Canada",5
"1 KEYSTONE TE, LETHBRIDGE, AB, Canada",67
"1 KINGS CR, LETHBRIDGE, AB, Canada",21
"1 KINGS GT, LETHBRIDGE, AB, Canada",1
"1 KINGS PL, LETHBRIDGE, AB, Canada",2
"1 KINGS RD, LETHBRIDGE, AB, Canada",8
"1 KODIAK BD, LETHBRIDGE, AB, Canada",11
"1 KODIAK CR, LETHBRIDGE, AB, Canada",10
"1 KOOTENAY PL, LETHBRIDGE, AB, Canada",5
"1 LAFAYETTE BD, LETHBRIDGE, AB, Canada",36
"1 LAFAYETTE CR, LETHBRIDGE, AB, Canada",6
"1 LAFAYETTE PL, LETHBRIDGE, AB, Canada",3
"1 LAKHOTA CR, LETHBRIDGE, AB, Canada",10
"1 LAKHOTA RD, LETHBRIDGE, AB, Canada",1
"1 LARKSPUR RD, LETHBRIDGE, AB, Canada",1
"1 LASALLE RD, LETHBRIDGE, AB, Canada",2
"1 LAURENTIAN PL, LETHBRIDGE, AB, Canada",1
"1 LAVAL BD, LETHBRIDGE, AB, Canada",43
"1 LAVAL CT, LETHBRIDGE, AB, Canada",26
"1 LAVAL PL, LETHBRIDGE, AB, Canada",13
"1 LAVAL RD, LETHBRIDGE, AB, Canada",9
"1 LEMOYNE CR, LETHBRIDGE, AB, Canada",57
"1 LETTICE PERRY PL, LETHBRIDGE, AB, Canada",12
"1 LOYOLA PL, LETHBRIDGE, AB, Canada",2
"1 LYNX PL, LETHBRIDGE, AB, Canada",14
"1 LYNX RD, LETHBRIDGE, AB, Canada",16
"1 MAURETANIA RD, LETHBRIDGE, AB, Canada",102
"1 MCGILL BD, LETHBRIDGE, AB, Canada",66
"1 MEADOWLARK BD, LETHBRIDGE, AB, Canada",57
"1 MEADOWLARK PL, LETHBRIDGE, AB, Canada",6
"1 MICMAC BD, LETHBRIDGE, AB, Canada",106
"1 MICMAC CT, LETHBRIDGE, AB, Canada",2
"1 MICMAC PL, LETHBRIDGE, AB, Canada",2
"1 MODESTO RD, LETHBRIDGE, AB, Canada",12
"1 MOHAWK RD, LETHBRIDGE, AB, Canada",35
"1 MONTROSE WY, LETHBRIDGE, AB, Canada",3
"1 MOONLIGHT BD, LETHBRIDGE, AB, Canada",4
"1 MOUNT ROYAL PL, LETHBRIDGE, AB, Canada",20
"1 MT ALDERSON CR, LETHBRIDGE, AB, Canada",21
"1 MT BACKUS CR, LETHBRIDGE, AB, Canada",8
"1 MT BLAKISTON PL, LETHBRIDGE, AB, Canada",4
"1 MT BLAKISTON RD, LETHBRIDGE, AB, Canada",40
"1 MT BRAZEAU RD, LETHBRIDGE, AB, Canada",2
"1 MT BURKE BD, LETHBRIDGE, AB, Canada",39
"1 MT CRANDELL BY, LETHBRIDGE, AB, Canada",2
"1 MT CRANDELL CR, LETHBRIDGE, AB, Canada",9
"1 MT RUNDLE BD, LETHBRIDGE, AB, Canada",75
"1 MT RUNDLE RD, LETHBRIDGE, AB, Canada",16
"1 MT RUNDLE WY, LETHBRIDGE, AB, Canada",17
"1 MT SUNDANCE RD, LETHBRIDGE, AB, Canada",5
"1 MT SUNDIAL CT, LETHBRIDGE, AB, Canada",4
"1 NEBRASKA RD, LETHBRIDGE, AB, Canada",15
"1 NEVADA PL, LETHBRIDGE, AB, Canada",3
"1 NEVADA RD, LETHBRIDGE, AB, Canada",1
"1 NISKA PL, LETHBRIDGE, AB, Canada",2
"1 NORTHLANDER LN, LETHBRIDGE, AB, Canada",2
"1 NORTHLANDER RD, LETHBRIDGE, AB, Canada",3
"1 NORTHLANDER WY, LETHBRIDGE, AB, Canada",24
"1 OJIBWA RD, LETHBRIDGE, AB, Canada",13
"1 ORIOLE RD, LETHBRIDGE, AB, Canada",4
"1 OXFORD PL, LETHBRIDGE, AB, Canada",2
"1 OXFORD RD, LETHBRIDGE, AB, Canada",14
"1 PARK MEADOWS BD, LETHBRIDGE, AB, Canada",36
"1 PEENAQUIM VW, LETHBRIDGE, AB, Canada",3
"1 PEIGAN CT, LETHBRIDGE, AB, Canada",33
"1 PENSACOLA CT, LETHBRIDGE, AB, Canada",11
"1 PHEASANT RD, LETHBRIDGE, AB, Canada",5
"1 PRIMROSE PL, LETHBRIDGE, AB, Canada",5
"1 PRINCETON CR, LETHBRIDGE, AB, Canada",18
"1 PRINCETON RD, LETHBRIDGE, AB, Canada",38
"1 PURDUE CT, LETHBRIDGE, AB, Canada",82
"1 QUEENS RD, LETHBRIDGE, AB, Canada",4
"1 RED CROW BD, LETHBRIDGE, AB, Canada",27
"1 RIDGEWOOD BD, LETHBRIDGE, AB, Canada",5
"1 RIDGEWOOD CR, LETHBRIDGE, AB, Canada",9
"1 RIVERBOTTOM RD, LETHBRIDGE, AB, Canada",3
"1 RIVERBROOK CL, LETHBRIDGE, AB, Canada",3
"1 RIVERCREST CT, LETHBRIDGE, AB, Canada",4
"1 RIVERFORD CL, LETHBRIDGE, AB, Canada",9
"1 RIVERGLEN LK, LETHBRIDGE, AB, Canada",5
"1 RIVERGREEN RD, LETHBRIDGE, AB, Canada",12
"1 RIVERGROVE LN, LETHBRIDGE, AB, Canada",1
"1 RIVERGROVE RU, LETHBRIDGE, AB, Canada",7
"1 RIVERHURST CV, LETHBRIDGE, AB, Canada",10
"1 RIVERINE LN, LETHBRIDGE, AB, Canada",12
"1 RIVERLAND CL, LETHBRIDGE, AB, Canada",12
"1 RIVERMILL LD, LETHBRIDGE, AB, Canada",18
"1 RIVERMONT CR, LETHBRIDGE, AB, Canada",1
"1 RIVERPARK BD, LETHBRIDGE, AB, Canada",8
"1 RIVERTON CR, LETHBRIDGE, AB, Canada",7
"1 RIVERVIEW CR, LETHBRIDGE, AB, Canada",9
"1 RIVERWOOD MN, LETHBRIDGE, AB, Canada",8
"1 ROBIN RD, LETHBRIDGE, AB, Canada",1
"1 ROCKY MOUNTAIN BD, LETHBRIDGE, AB, Canada",10
"1 RUTGERS CR, LETHBRIDGE, AB, Canada",49
"1 RUTGERS RD, LETHBRIDGE, AB, Canada",5
"1 RYERSON BY, LETHBRIDGE, AB, Canada",2
"1 RYERSON PL, LETHBRIDGE, AB, Canada",5
"1 RYERSON RD, LETHBRIDGE, AB, Canada",9
"1 SALISH BY, LETHBRIDGE, AB, Canada",2
"1 SALISH PL, LETHBRIDGE, AB, Canada",20
"1 SANDSTONE RD, LETHBRIDGE, AB, Canada",1
"1 SARCEE PL, LETHBRIDGE, AB, Canada",11
"1 SELKIRK RD, LETHBRIDGE, AB, Canada",30
"1 SENECA PL, LETHBRIDGE, AB, Canada",2
"1 SHERIDAN PL, LETHBRIDGE, AB, Canada",9
"1 SHERIDAN RD, LETHBRIDGE, AB, Canada",26
"1 SHERWOOD BD, LETHBRIDGE, AB, Canada",18
"1 SHERWOOD CR, LETHBRIDGE, AB, Canada",2
"1 SIMON FRASER BD, LETHBRIDGE, AB, Canada",81
"1 SIXMILE RD, LETHBRIDGE, AB, Canada",2
"1 SIXMILE RG, LETHBRIDGE, AB, Canada",9
"1 SOUTHGATE BD, LETHBRIDGE, AB, Canada",29
"1 SQUAMISH BD, LETHBRIDGE, AB, Canada",2
"1 SQUAMISH CR, LETHBRIDGE, AB, Canada",6
"1 SQUAMISH CT, LETHBRIDGE, AB, Canada",3
"1 ST & 1 AV, LETHBRIDGE, AB, Canada",4
"1 ST & 10 AV, LETHBRIDGE, AB, Canada",1
"1 ST & 11 AV, LETHBRIDGE, AB, Canada",1
"1 ST & 13 AV, LETHBRIDGE, AB, Canada",1
"1 ST & 14 AV, LETHBRIDGE, AB, Canada",1
"1 ST & 15 AV, LETHBRIDGE, AB, Canada",2
"1 ST & 16 AV, LETHBRIDGE, AB, Canada",1
"1 ST & 16 AVE, LETHBRIDGE, AB, Canada",1
"1 ST & 18 AV, LETHBRIDGE, AB, Canada",2
"1 ST & 2 AV, LETHBRIDGE, AB, Canada",18
"1 ST & 21 AV, LETHBRIDGE, AB, Canada",2
"1 ST & 22 AV, LETHBRIDGE, AB, Canada",1
"1 ST & 23 AV, LETHBRIDGE, AB, Canada",1
"1 ST & 24 AV, LETHBRIDGE, AB, Canada",1
"1 ST & 24 ST, LETHBRIDGE, AB, Canada",1
"1 ST & 26 AV, LETHBRIDGE, AB, Canada",2
"1 ST & 2A AV, LETHBRIDGE, AB, Canada",14
"1 ST & 3 AV, LETHBRIDGE, AB, Canada",28
"1 ST & 3 AVE, LETHBRIDGE, AB, Canada",1
"1 ST & 3 HW, LETHBRIDGE, AB, Canada",1
"1 ST & 3A AV, LETHBRIDGE, AB, Canada",1
"1 ST & 4 AV, LETHBRIDGE, AB, Canada",27
"1 ST & 40 AV, LETHBRIDGE, AB, Canada",1
"1 ST & 41 AV, LETHBRIDGE, AB, Canada",1
"1 ST & 43 AV, LETHBRIDGE, AB, Canada",1
"1 ST & 5 AV, LETHBRIDGE, AB, Canada",37
"1 ST & 5 AVE, LETHBRIDGE, AB, Canada",1
"1 ST & 5A AV, LETHBRIDGE, AB, Canada",2
"1 ST & 6 AV, LETHBRIDGE, AB, Canada",40
"1 ST & 62 AV, LETHBRIDGE, AB, Canada",1
"1 ST & 6A AV, LETHBRIDGE, AB, Canada",2
"1 ST & 7 AV, LETHBRIDGE, AB, Canada",15
"1 ST & 7A AV, LETHBRIDGE, AB, Canada",2
"1 ST & 8 AV, LETHBRIDGE, AB, Canada",10
"1 ST & 8A AV, LETHBRIDGE, AB, Canada",1
"1 ST & 9 AV, LETHBRIDGE, AB, Canada",26
"1 ST & 9A AV, LETHBRIDGE, AB, Canada",2
"1 ST & BLACKWOLF BD, LETHBRIDGE, AB, Canada",1
"1 ST & CNT, LETHBRIDGE, AB, Canada",1
"1 ST & CROWSNEST HW, LETHBRIDGE, AB, Canada",1
"1 ST & CROWSNEST TR, LETHBRIDGE, AB, Canada",9
"1 ST & FAIRMONT GT, LETHBRIDGE, AB, Canada",1
"1 ST & GARRY DR, LETHBRIDGE, AB, Canada",2
"1 ST & GATEWAY MW, LETHBRIDGE, AB, Canada",1
"1 ST & GIFFEN RD, LETHBRIDGE, AB, Canada",3
"1 ST & HWY3, LETHBRIDGE, AB, Canada",2
"1 ST & PARKSIDE DR, LETHBRIDGE, AB, Canada",3
"1 ST & SCENIC DR, LETHBRIDGE, AB, Canada",3
"1 ST & SOUTH PARKSIDE DR, LETHBRIDGE, AB, Canada",1
"1 ST & ST EDWARD BD, LETHBRIDGE, AB, Canada",1
"1 ST & WHOOP UP DR, LETHBRIDGE, AB, Canada",1
"1 ST ANNE PL, LETHBRIDGE, AB, Canada",15
"1 ST CHRISTOPHER PL, LETHBRIDGE, AB, Canada",4
"1 ST JAMES BD, LETHBRIDGE, AB, Canada",14
"1 ST JAMES BY, LETHBRIDGE, AB, Canada",17
"1 ST JAMES CR, LETHBRIDGE, AB, Canada",45
"1 ST JAMES PL, LETHBRIDGE, AB, Canada",7
"1 ST, LETHBRIDGE, AB, Canada",2
"1 STAFFORD BD, LETHBRIDGE, AB, Canada",6
"1 STAFFORD RD, LETHBRIDGE, AB, Canada",16
"1 STAFFORDVILLE CR, LETHBRIDGE, AB, Canada",39
"1 STONECREST PT, LETHBRIDGE, AB, Canada",4
"1 STONEY CR, LETHBRIDGE, AB, Canada",34
"1 STREET ST, LETHBRIDGE, AB, Canada",1
"1 SUNRIDGE BD, LETHBRIDGE, AB, Canada",11
"1 TARTAN BD, LETHBRIDGE, AB, Canada",37
"1 TEMPLE BD, LETHBRIDGE, AB, Canada",22
"1 TEMPLE CR, LETHBRIDGE, AB, Canada",2
"1 THYRZA BURKITT PL, LETHBRIDGE, AB, Canada",4
"1 TRENT RD, LETHBRIDGE, AB, Canada",10
"1 TRINITY PL, LETHBRIDGE, AB, Canada",3
"1 TUDOR BD, LETHBRIDGE, AB, Canada",2
"1 TUDOR BY, LETHBRIDGE, AB, Canada",2
"1 TUDOR CR, LETHBRIDGE, AB, Canada",16
"1 TUDOR PL, LETHBRIDGE, AB, Canada",2
"1 UPLANDS BD, LETHBRIDGE, AB, Canada",3
"1 WILDWOOD CR, LETHBRIDGE, AB, Canada",3
"1 WILDWOOD RD, LETHBRIDGE, AB, Canada",7
"100 1 AV, LETHBRIDGE, AB, Canada",2193
"100 11 ST, LETHBRIDGE, AB, Canada",2
"100 12 ST, LETHBRIDGE, AB, Canada",6
"100 13 ST, LETHBRIDGE, AB, Canada",169
"100 14 ST, LETHBRIDGE, AB, Canada",22
"100 15 ST, LETHBRIDGE, AB, Canada",9
"100 16 ST, LETHBRIDGE, AB, Canada",17
"100 17 ST, LETHBRIDGE, AB, Canada",8
"100 18 ST, LETHBRIDGE, AB, Canada",5
"100 19 ST, LETHBRIDGE, AB, Canada",28
"100 2 AV, LETHBRIDGE, AB, Canada",14
"100 20 ST, LETHBRIDGE, AB, Canada",23
"100 22 ST, LETHBRIDGE, AB, Canada",11
"100 3 AV, LETHBRIDGE, AB, Canada",71
"100 30 ST, LETHBRIDGE, AB, Canada",12
"100 4 AV, LETHBRIDGE, AB, Canada",3
"100 4 ST, LETHBRIDGE, AB, Canada",3
"100 5 AV, LETHBRIDGE, AB, Canada",35
"100 5 ST, LETHBRIDGE, AB, Canada",39
"100 7 AV, LETHBRIDGE, AB, Canada",19
"100 7 ST, LETHBRIDGE, AB, Canada",32
"100 7A AV, LETHBRIDGE, AB, Canada",4
"100 8 ST, LETHBRIDGE, AB, Canada",28
"100 ABERDEEN RD, LETHBRIDGE, AB, Canada",27
"100 ALGONQUIN RD, LETHBRIDGE, AB, Canada",103
"100 BEAVERPOND CT, LETHBRIDGE, AB, Canada",1
"100 BLACKFOOT BD, LETHBRIDGE, AB, Canada",40
"100 BLACKFOOT CI, LETHBRIDGE, AB, Canada",15
"100 BLACKFOOT CT, LETHBRIDGE, AB, Canada",13
"100 BLACKWOLF BY, LETHBRIDGE, AB, Canada",2
"100 BLACKWOLF PS, LETHBRIDGE, AB, Canada",4
"100 BLACKWOLF WY, LETHBRIDGE, AB, Canada",19
"100 BLUEFOX BD, LETHBRIDGE, AB, Canada",8
"100 BRAS D'OR RD, LETHBRIDGE, AB, Canada",2
"100 BRIDGE DR, LETHBRIDGE, AB, Canada",10
"100 CABOT LD, LETHBRIDGE, AB, Canada",2
"100 CANYON BD, LETHBRIDGE, AB, Canada",2
"100 CANYON CL, LETHBRIDGE, AB, Canada",3
"100 CANYON ESTATES WY, LETHBRIDGE, AB, Canada",3
"100 CANYON RIDGE BD, LETHBRIDGE, AB, Canada",2
"100 CANYONCREST PT, LETHBRIDGE, AB, Canada",3
"100 CAYUGA CR, LETHBRIDGE, AB, Canada",22
"100 CHINOOK HT, LETHBRIDGE, AB, Canada",7
"100 CHIPPEWA CR, LETHBRIDGE, AB, Canada",6
"100 COACHWOOD PT, LETHBRIDGE, AB, Canada",18
"100 COALBANKS BD, LETHBRIDGE, AB, Canada",16
"100 COLUMBIA BD, LETHBRIDGE, AB, Canada",161
"100 COLUMBIA PL, LETHBRIDGE, AB, Canada",4
"100 CORVETTE CR, LETHBRIDGE, AB, Canada",6
"100 COUGAR RD, LETHBRIDGE, AB, Canada",3
"100 COUGAR WY, LETHBRIDGE, AB, Canada",10
"100 COULEECREEK LN, LETHBRIDGE, AB, Canada",11
"100 COULEESPRINGS WY, LETHBRIDGE, AB, Canada",12
"100 COUNTRY CLUB RD, LETHBRIDGE, AB, Canada",5
"100 COWICHAN CT, LETHBRIDGE, AB, Canada",33
"100 CROCUS TE, LETHBRIDGE, AB, Canada",17
"100 DALHOUSIE CT, LETHBRIDGE, AB, Canada",1
"100 DIEPPE BD, LETHBRIDGE, AB, Canada",6
"100 DOROTHY GENTLEMAN CR, LETHBRIDGE, AB, Canada",5
"100 EAGLE RD, LETHBRIDGE, AB, Canada",6
"100 EDGEWOOD BD, LETHBRIDGE, AB, Canada",5
"100 ELM CR, LETHBRIDGE, AB, Canada",5
"100 ERMINEGLEN BY, LETHBRIDGE, AB, Canada",5
"100 ERMINEGLEN RD, LETHBRIDGE, AB, Canada",6
"100 FAIRMONT BD, LETHBRIDGE, AB, Canada",29
"100 FAIRMONT GARDEN RD, LETHBRIDGE, AB, Canada",2
"100 FAIRMONT PT, LETHBRIDGE, AB, Canada",3
"100 FAIRMONT RD, LETHBRIDGE, AB, Canada",16
"100 FIRELIGHT WY, LETHBRIDGE, AB, Canada",8
"100 FLAMBOROUGH GD, LETHBRIDGE, AB, Canada",1
"100 GATEWAY MW, LETHBRIDGE, AB, Canada",1
"100 GOLDENROD RD, LETHBRIDGE, AB, Canada",9
"100 GOLDENROD WY, LETHBRIDGE, AB, Canada",5
"100 GRAND RIVER BD, LETHBRIDGE, AB, Canada",6
"100 GREYWOLF RD, LETHBRIDGE, AB, Canada",8
"100 HARU MORIYAMA PL, LETHBRIDGE, AB, Canada",9
"100 HARU MORIYAMA RD, LETHBRIDGE, AB, Canada",1
"100 HARVARD CR, LETHBRIDGE, AB, Canada",1
"100 HERITAGE BD, LETHBRIDGE, AB, Canada",16
"100 HERITAGE CI, LETHBRIDGE, AB, Canada",10
"100 HERITAGE CL, LETHBRIDGE, AB, Canada",5
"100 HERITAGE CR, LETHBRIDGE, AB, Canada",2
"100 HERITAGE CT, LETHBRIDGE, AB, Canada",6
"100 HERITAGE LN, LETHBRIDGE, AB, Canada",1
"100 HERITAGE PL, LETHBRIDGE, AB, Canada",5
"100 HERITAGE PT, LETHBRIDGE, AB, Canada",1
"100 HONEYSUCKLE RD, LETHBRIDGE, AB, Canada",13
"100 IROQUOIS CR, LETHBRIDGE, AB, Canada",81
"100 JERRY POTTS BD, LETHBRIDGE, AB, Canada",77
"100 JESSIE ROBINSON CL, LETHBRIDGE, AB, Canada",27
"100 KEYSTONE TE, LETHBRIDGE, AB, Canada",1
"100 KINGS BY, LETHBRIDGE, AB, Canada",3
"100 KODIAK BD, LETHBRIDGE, AB, Canada",10
"100 KODIAK CR, LETHBRIDGE, AB, Canada",12
"100 LAFAYETTE BD, LETHBRIDGE, AB, Canada",34
"100 LAKHOTA CR, LETHBRIDGE, AB, Canada",13
"100 LASALLE TE, LETHBRIDGE, AB, Canada",11
"100 LAVAL BD, LETHBRIDGE, AB, Canada",76
"100 LAVAL CT, LETHBRIDGE, AB, Canada",3
"100 LAVAL RD, LETHBRIDGE, AB, Canada",8
"100 LYNX CV, LETHBRIDGE, AB, Canada",34
"100 LYNX PL, LETHBRIDGE, AB, Canada",4
"100 LYNX RD, LETHBRIDGE, AB, Canada",2
"100 MAYOR MAGRATH DR, LETHBRIDGE, AB, Canada",40
"100 MCGILL BD, LETHBRIDGE, AB, Canada",15
"100 MILDRED DOBBS BD, LETHBRIDGE, AB, Canada",12
"100 MOHAWK RD, LETHBRIDGE, AB, Canada",3
"100 MOONLIGHT BD, LETHBRIDGE, AB, Canada",1
"100 MT ALDERSON CR, LETHBRIDGE, AB, Canada",21
"100 MT BLAKISTON BY, LETHBRIDGE, AB, Canada",12
"100 MT BLAKISTON RD, LETHBRIDGE, AB, Canada",21
"100 MT CRANDELL CR, LETHBRIDGE, AB, Canada",32
"100 MT RUNDLE RD, LETHBRIDGE, AB, Canada",5
"100 MT SUNDANCE CR, LETHBRIDGE, AB, Canada",15
"100 MT SUNDIAL CT, LETHBRIDGE, AB, Canada",27
"100 NORTHLANDER BN, LETHBRIDGE, AB, Canada",30
"100 OJIBWA PL, LETHBRIDGE, AB, Canada",2
"100 OJIBWA RD, LETHBRIDGE, AB, Canada",14
"100 OXFORD RD, LETHBRIDGE, AB, Canada",10
"100 PACIFIC LD, LETHBRIDGE, AB, Canada",6
"100 PARK MEADOWS BD, LETHBRIDGE, AB, Canada",15
"100 PEIGAN CT, LETHBRIDGE, AB, Canada",8
"100 PENSACOLA CT, LETHBRIDGE, AB, Canada",11
"100 PRINCETON CR, LETHBRIDGE, AB, Canada",26
"100 PURDUE CT, LETHBRIDGE, AB, Canada",23
"100 RED CROW BD, LETHBRIDGE, AB, Canada",17
"100 RIVERBOTTOM RD, LETHBRIDGE, AB, Canada",2
"100 RIVERBROOK CL, LETHBRIDGE, AB, Canada",6
"100 RIVERFORD CL, LETHBRIDGE, AB, Canada",2
"100 RIVERHURST CV, LETHBRIDGE, AB, Canada",4
"100 RIVERINE LN, LETHBRIDGE, AB, Canada",2
"100 RIVERLAND CL, LETHBRIDGE, AB, Canada",6
"100 RIVERMILL LD, LETHBRIDGE, AB, Canada",4
"100 RIVERMONT CR, LETHBRIDGE, AB, Canada",3
"100 RIVERPARK BD, LETHBRIDGE, AB, Canada",5
"100 RIVERSTONE BD, LETHBRIDGE, AB, Canada",6
"100 RIVERWOOD MN, LETHBRIDGE, AB, Canada",3
"100 ROCKY MOUNTAIN BD, LETHBRIDGE, AB, Canada",13
"100 RYERSON RD, LETHBRIDGE, AB, Canada",39
"100 SCENIC DR, LETHBRIDGE, AB, Canada",28
"100 SHERWOOD BD, LETHBRIDGE, AB, Canada",1
"100 SHERWOOD PL, LETHBRIDGE, AB, Canada",1
"100 SILKSTONE RD, LETHBRIDGE, AB, Canada",13
"100 SIMON FRASER BD, LETHBRIDGE, AB, Canada",36
"100 SIXMILE BN, LETHBRIDGE, AB, Canada",7
"100 SIXMILE BY, LETHBRIDGE, AB, Canada",4
"100 SIXMILE CM, LETHBRIDGE, AB, Canada",8
"100 SIXMILE RG, LETHBRIDGE, AB, Canada",10
"100 SOUTHGATE BD, LETHBRIDGE, AB, Canada",14
"100 SQUAMISH CT, LETHBRIDGE, AB, Canada",3
"100 ST JAMES BD, LETHBRIDGE, AB, Canada",40
"100 STAFFORD BD, LETHBRIDGE, AB, Canada",6
"100 STAFFORD BY, LETHBRIDGE, AB, Canada",4
"100 STAFFORD DR, LETHBRIDGE, AB, Canada",109
"100 STAFFORD RD, LETHBRIDGE, AB, Canada",2
"100 STONECREST PT, LETHBRIDGE, AB, Canada",1
"100 STONEY CR, LETHBRIDGE, AB, Canada",6
"100 SUNRIDGE RD, LETHBRIDGE, AB, Canada",64
"100 TARTAN CI, LETHBRIDGE, AB, Canada",14
"100 TEMPLE BD, LETHBRIDGE, AB, Canada",14
"100 TEMPLE CR, LETHBRIDGE, AB, Canada",4
"100 TUDOR CR, LETHBRIDGE, AB, Canada",1
"100 UNIVERSITY DR, LETHBRIDGE, AB, Canada",4
"100 UPLANDS BD, LETHBRIDGE, AB, Canada",21
"100 W T HILL BD, LETHBRIDGE, AB, Canada",3
"100 WHOOP UP DR, LETHBRIDGE, AB, Canada",4
"100 WT HILL BD, LETHBRIDGE, AB, Canada",16
"1000 1 AV, LETHBRIDGE, AB, Canada",10
"1000 10 AV, LETHBRIDGE, AB, Canada",1
"1000 10 ST, LETHBRIDGE, AB, Canada",3
"1000 11 AV, LETHBRIDGE, AB, Canada",3
"1000 11 ST, LETHBRIDGE, AB, Canada",21
"1000 12 ST, LETHBRIDGE, AB, Canada",79
"1000 12A ST, LETHBRIDGE, AB, Canada",16
"1000 12B ST, LETHBRIDGE, AB, Canada",12
"1000 12C ST, LETHBRIDGE, AB, Canada",3
"1000 13 ST, LETHBRIDGE, AB, Canada",25
"1000 14 ST, LETHBRIDGE, AB, Canada",15
"1000 15 ST, LETHBRIDGE, AB, Canada",6
"1000 16 ST, LETHBRIDGE, AB, Canada",9
"1000 17 ST, LETHBRIDGE, AB, Canada",14
"1000 17A ST, LETHBRIDGE, AB, Canada",3
"1000 18 ST, LETHBRIDGE, AB, Canada",4
"1000 18A ST, LETHBRIDGE, AB, Canada",3
"1000 19 ST, LETHBRIDGE, AB, Canada",73
"1000 2 AV, LETHBRIDGE, AB, Canada",28
"1000 20 ST, LETHBRIDGE, AB, Canada",16
"1000 23 ST, LETHBRIDGE, AB, Canada",2
"1000 24 ST, LETHBRIDGE, AB, Canada",65
"1000 25 ST, LETHBRIDGE, AB, Canada",35
"1000 27 ST, LETHBRIDGE, AB, Canada",5
"1000 27A ST, LETHBRIDGE, AB, Canada",87
"1000 28 ST, LETHBRIDGE, AB, Canada",1
"1000 29A ST, LETHBRIDGE, AB, Canada",4
"1000 2A AV, LETHBRIDGE, AB, Canada",5
"1000 2A, LETHBRIDGE, AB, Canada",1
"1000 3 AV, LETHBRIDGE, AB, Canada",63
"1000 30 ST, LETHBRIDGE, AB, Canada",2
"1000 31A ST, LETHBRIDGE, AB, Canada",6
"1000 36 ST, LETHBRIDGE, AB, Canada",13
"1000 4 AV, LETHBRIDGE, AB, Canada",45
"1000 40 AV, LETHBRIDGE, AB, Canada",4
"1000 41 AV, LETHBRIDGE, AB, Canada",3
"1000 41 ST, LETHBRIDGE, AB, Canada",6
"1000 43 ST, LETHBRIDGE, AB, Canada",13
"1000 44 AV, LETHBRIDGE, AB, Canada",10
"1000 5 AV, LETHBRIDGE, AB, Canada",2
"1000 6 ST, LETHBRIDGE, AB, Canada",14
"1000 7 AV, LETHBRIDGE, AB, Canada",18
"1000 7 ST, LETHBRIDGE, AB, Canada",9
"1000 8 AV, LETHBRIDGE, AB, Canada",3
"1000 8 ST, LETHBRIDGE, AB, Canada",45
"1000 9 AV, LETHBRIDGE, AB, Canada",283
"1000 9 ST, LETHBRIDGE, AB, Canada",8
"1000 ALICE BIRCH PT, LETHBRIDGE, AB, Canada",15
"1000 CALEDONIA PL, LETHBRIDGE, AB, Canada",3
"1000 CAMERON RD, LETHBRIDGE, AB, Canada",2
"1000 CANYON BD, LETHBRIDGE, AB, Canada",1
"1000 ELLIOT RD, LETHBRIDGE, AB, Canada",5
"1000 FERN CR, LETHBRIDGE, AB, Canada",4
"1000 GLACIER DR, LETHBRIDGE, AB, Canada",2
"1000 GREAT LAKES RD, LETHBRIDGE, AB, Canada",2
"1000 HENDERSON LAKE BD, LETHBRIDGE, AB, Canada",6
"1000 KEYSTONE GV, LETHBRIDGE, AB, Canada",4
"1000 LAKEMOUNT BD, LETHBRIDGE, AB, Canada",4
"1000 LAKEVIEW DR, LETHBRIDGE, AB, Canada",11
"1000 LAKEWAY BD, LETHBRIDGE, AB, Canada",2
"1000 MAYOR MAGRATH DR, LETHBRIDGE, AB, Canada",407
"1000 MT SUNDANCE MN, LETHBRIDGE, AB, Canada",3
"1000 ST DAVID RD, LETHBRIDGE, AB, Canada",3
"1000 STAFFORD DR, LETHBRIDGE, AB, Canada",7
"1000 VENTURA CR, LETHBRIDGE, AB, Canada",7
"1100 1 AV, LETHBRIDGE, AB, Canada",8
"1100 10 AV, LETHBRIDGE, AB, Canada",12
"1100 11 AV, LETHBRIDGE, AB, Canada",6
"1100 11 ST, LETHBRIDGE, AB, Canada",8
"1100 12 AV, LETHBRIDGE, AB, Canada",4
"1100 12 ST, LETHBRIDGE, AB, Canada",2
"1100 12A ST, LETHBRIDGE, AB, Canada",22
"1100 12B ST, LETHBRIDGE, AB, Canada",98
"1100 12C ST, LETHBRIDGE, AB, Canada",4
"1100 13 AV, LETHBRIDGE, AB, Canada",8
"1100 13 ST, LETHBRIDGE, AB, Canada",19
"1100 14 ST, LETHBRIDGE, AB, Canada",5
"1100 15 ST, LETHBRIDGE, AB, Canada",4
"1100 16 ST, LETHBRIDGE, AB, Canada",3
"1100 17 ST, LETHBRIDGE, AB, Canada",12
"1100 17A ST, LETHBRIDGE, AB, Canada",2
"1100 18 ST, LETHBRIDGE, AB, Canada",5
"1100 18A ST, LETHBRIDGE, AB, Canada",2
"1100 19 ST, LETHBRIDGE, AB, Canada",5
"1100 2 AV, LETHBRIDGE, AB, Canada",11
"1100 20 ST, LETHBRIDGE, AB, Canada",18
"1100 21 ST, LETHBRIDGE, AB, Canada",1
"1100 22 ST, LETHBRIDGE, AB, Canada",2
"1100 23 ST, LETHBRIDGE, AB, Canada",26
"1100 24 ST, LETHBRIDGE, AB, Canada",24
"1100 25 ST, LETHBRIDGE, AB, Canada",7
"1100 27 ST, LETHBRIDGE, AB, Canada",15
"1100 27A ST, LETHBRIDGE, AB, Canada",9
"1100 28 ST, LETHBRIDGE, AB, Canada",10
"1100 28A ST, LETHBRIDGE, AB, Canada",10
"1100 29 ST, LETHBRIDGE, AB, Canada",16
"1100 29A ST, LETHBRIDGE, AB, Canada",14
"1100 2A AV, LETHBRIDGE, AB, Canada",60
"1100 2ND AV, LETHBRIDGE, AB, Canada",1
"1100 3 AV, LETHBRIDGE, AB, Canada",234
"1100 30 ST, LETHBRIDGE, AB, Canada",1
"1100 39 ST, LETHBRIDGE, AB, Canada",6
"1100 4 AV, LETHBRIDGE, AB, Canada",10
"1100 40 AV, LETHBRIDGE, AB, Canada",26
"1100 41 AV, LETHBRIDGE, AB, Canada",21
"1100 42 AV, LETHBRIDGE, AB, Canada",5
"1100 43 AV, LETHBRIDGE, AB, Canada",18
"1100 44 AV, LETHBRIDGE, AB, Canada",4
"1100 5 AV, LETHBRIDGE, AB, Canada",216
"1100 6 AV, LETHBRIDGE, AB, Canada",11
"1100 6 ST, LETHBRIDGE, AB, Canada",2
"1100 7 AV, LETHBRIDGE, AB, Canada",16
"1100 7 ST, LETHBRIDGE, AB, Canada",20
"1100 8 AV, LETHBRIDGE, AB, Canada",5
"1100 8 ST, LETHBRIDGE, AB, Canada",12
"1100 9 AV, LETHBRIDGE, AB, Canada",4
"1100 9 ST, LETHBRIDGE, AB, Canada",9
"1100 ABITIBI RD, LETHBRIDGE, AB, Canada",3
"1100 COALBROOK PL, LETHBRIDGE, AB, Canada",2
"1100 ELLIOT RD, LETHBRIDGE, AB, Canada",2
"1100 GLACIER DR, LETHBRIDGE, AB, Canada",2
"1100 GREAT LAKES RD, LETHBRIDGE, AB, Canada",2
"1100 HENDERSON LAKE BD, LETHBRIDGE, AB, Canada",24
"1100 KEYSTONE GV, LETHBRIDGE, AB, Canada",5
"1100 KEYSTONE RD, LETHBRIDGE, AB, Canada",15
"1100 LAKELAND CR, LETHBRIDGE, AB, Canada",6
"1100 LAKEMOUNT BD, LETHBRIDGE, AB, Canada",2
"1100 LAKEVIEW DR, LETHBRIDGE, AB, Canada",16
"1100 MAYOR MAGRATH DR, LETHBRIDGE, AB, Canada",151
"1100 PACIFIC CI CI, LETHBRIDGE, AB, Canada",1
"1100 PACIFIC CI, LETHBRIDGE, AB, Canada",4
"1100 SCENIC DR, LETHBRIDGE, AB, Canada",4
"1100 ST DAVID RD, LETHBRIDGE, AB, Canada",20
"1100 STAFFORD DR, LETHBRIDGE, AB, Canada",6
"1100 VENTURA RD, LETHBRIDGE, AB, Canada",2
"1200 1 AV, LETHBRIDGE, AB, Canada",92
"1200 10 AV, LETHBRIDGE, AB, Canada",57
"1200 11 AV, LETHBRIDGE, AB, Canada",3
"1200 12 AV, LETHBRIDGE, AB, Canada",13
"1200 12 ST, LETHBRIDGE, AB, Canada",2
"1200 12B ST, LETHBRIDGE, AB, Canada",1
"1200 12C ST, LETHBRIDGE, AB, Canada",15
"1200 13 AV, LETHBRIDGE, AB, Canada",11
"1200 13 ST, LETHBRIDGE, AB, Canada",31
"1200 14 ST, LETHBRIDGE, AB, Canada",1
"1200 16 AV, LETHBRIDGE, AB, Canada",1
"1200 17 AV, LETHBRIDGE, AB, Canada",15
"1200 18 ST, LETHBRIDGE, AB, Canada",1
"1200 2 AV, LETHBRIDGE, AB, Canada",98
"1200 22 ST, LETHBRIDGE, AB, Canada",4
"1200 23 ST, LETHBRIDGE, AB, Canada",3
"1200 24 ST, LETHBRIDGE, AB, Canada",3
"1200 26 AV, LETHBRIDGE, AB, Canada",3
"1200 29 ST, LETHBRIDGE, AB, Canada",63
"1200 2A AV, LETHBRIDGE, AB, Canada",650
"1200 2A AVE, LETHBRIDGE, AB, Canada",1
"1200 3 AV, LETHBRIDGE, AB, Canada",167
"1200 30 ST, LETHBRIDGE, AB, Canada",4
"1200 31 ST, LETHBRIDGE, AB, Canada",3
"1200 31A ST, LETHBRIDGE, AB, Canada",8
"1200 33 ST, LETHBRIDGE, AB, Canada",4
"1200 36 ST, LETHBRIDGE, AB, Canada",1
"1200 3A AV, LETHBRIDGE, AB, Canada",12
"1200 4 AV, LETHBRIDGE, AB, Canada",146
"1200 40 AV, LETHBRIDGE, AB, Canada",8
"1200 41 AV, LETHBRIDGE, AB, Canada",6
"1200 42 AV, LETHBRIDGE, AB, Canada",4
"1200 43 AV, LETHBRIDGE, AB, Canada",22
"1200 44 AV, LETHBRIDGE, AB, Canada",2
"1200 5 AV, LETHBRIDGE, AB, Canada",145
"1200 5A AV, LETHBRIDGE, AB, Canada",31
"1200 6 AV, LETHBRIDGE, AB, Canada",282
"1200 6 ST, LETHBRIDGE, AB, Canada",9
"1200 6A AV, LETHBRIDGE, AB, Canada",31
"1200 7 AV, LETHBRIDGE, AB, Canada",13
"1200 7 ST, LETHBRIDGE, AB, Canada",3
"1200 8 AV, LETHBRIDGE, AB, Canada",28
"1200 8 ST, LETHBRIDGE, AB, Canada",10
"1200 8A AV, LETHBRIDGE, AB, Canada",19
"1200 9 AV, LETHBRIDGE, AB, Canada",80
"1200 9 ST, LETHBRIDGE, AB, Canada",19
"1200 9A AV, LETHBRIDGE, AB, Canada",4
"1200 GLACIER DR, LETHBRIDGE, AB, Canada",3
"1200 GREAT LAKES PL, LETHBRIDGE, AB, Canada",10
"1200 HENDERSON LAKE BD, LETHBRIDGE, AB, Canada",1
"1200 HURON PL, LETHBRIDGE, AB, Canada",4
"1200 KEYSTONE RD, LETHBRIDGE, AB, Canada",3
"1200 LAKEMOUNT BD, LETHBRIDGE, AB, Canada",2
"1200 LAKEWOOD RD, LETHBRIDGE, AB, Canada",1
"1200 MAYOR MAGRATH DR, LETHBRIDGE, AB, Canada",25
"1200 MICHIGAN PL, LETHBRIDGE, AB, Canada",6
"1200 PACIFIC CI, LETHBRIDGE, AB, Canada",4
"1200 SCENIC DR, LETHBRIDGE, AB, Canada",12
"1200 ST CATHERINE RD, LETHBRIDGE, AB, Canada",5
"1200 ST CHARLES RD, LETHBRIDGE, AB, Canada",15
"1200 ST DAVID RD, LETHBRIDGE, AB, Canada",5
"1200 STAFFORD DR, LETHBRIDGE, AB, Canada",2
"1200 VENTURA PL, LETHBRIDGE, AB, Canada",2
"1300 1 AV, LETHBRIDGE, AB, Canada",1
"1300 10A AV, LETHBRIDGE, AB, Canada",2
"1300 11 AV, LETHBRIDGE, AB, Canada",2
"1300 12 AV, LETHBRIDGE, AB, Canada",3
"1300 13 AV, LETHBRIDGE, AB, Canada",3
"1300 13 ST, LETHBRIDGE, AB, Canada",10
"1300 14 AV, LETHBRIDGE, AB, Canada",1
"1300 15 ST, LETHBRIDGE, AB, Canada",3
"1300 16 AV, LETHBRIDGE, AB, Canada",8
"1300 16 AVE, LETHBRIDGE, AB, Canada",1
"1300 17 AV, LETHBRIDGE, AB, Canada",9
"1300 18 AV, LETHBRIDGE, AB, Canada",15
"1300 18 ST, LETHBRIDGE, AB, Canada",8
"1300 2 AV, LETHBRIDGE, AB, Canada",11
"1300 23 AV, LETHBRIDGE, AB, Canada",105
"1300 23 ST, LETHBRIDGE, AB, Canada",36
"1300 26 ST, LETHBRIDGE, AB, Canada",1
"1300 27 ST, LETHBRIDGE, AB, Canada",1
"1300 28 ST, LETHBRIDGE, AB, Canada",7
"1300 3 AV, LETHBRIDGE, AB, Canada",29
"1300 30 ST, LETHBRIDGE, AB, Canada",2
"1300 33 ST, LETHBRIDGE, AB, Canada",1
"1300 36 ST, LETHBRIDGE, AB, Canada",4
"1300 3A AV, LETHBRIDGE, AB, Canada",4
"1300 4 AV, LETHBRIDGE, AB, Canada",9
"1300 41 ST, LETHBRIDGE, AB, Canada",4
"1300 5 AV, LETHBRIDGE, AB, Canada",8
"1300 5A AV, LETHBRIDGE, AB, Canada",39
"1300 6 AV, LETHBRIDGE, AB, Canada",42
"1300 6 ST, LETHBRIDGE, AB, Canada",5
"1300 60 AV, LETHBRIDGE, AB, Canada",2
"1300 6A AV, LETHBRIDGE, AB, Canada",11
"1300 7 AV, LETHBRIDGE, AB, Canada",7
"1300 7 ST, LETHBRIDGE, AB, Canada",5
"1300 9 AV, LETHBRIDGE, AB, Canada",17
"1300 9 ST, LETHBRIDGE, AB, Canada",1
"1300 HENDERSON LAKE BD, LETHBRIDGE, AB, Canada",2
"1300 HURON PL, LETHBRIDGE, AB, Canada",2
"1300 LAKEMOUNT BD, LETHBRIDGE, AB, Canada",117
"1300 MAYOR MAGRATH DR, LETHBRIDGE, AB, Canada",69
"1300 PACIFIC CI, LETHBRIDGE, AB, Canada",6
"1300 SCENIC DR, LETHBRIDGE, AB, Canada",4
"1300 ST ANDREW RD, LETHBRIDGE, AB, Canada",1
"1300 ST BASIL RD, LETHBRIDGE, AB, Canada",5
"1300 STAFFORD DR, LETHBRIDGE, AB, Canada",46
"1400 1 AV, LETHBRIDGE, AB, Canada",5
"1400 10 AV, LETHBRIDGE, AB, Canada",8
"1400 10A AV, LETHBRIDGE, AB, Canada",7
"1400 11 AV, LETHBRIDGE, AB, Canada",2
"1400 12 AV, LETHBRIDGE, AB, Canada",16
"1400 13 AV, LETHBRIDGE, AB, Canada",13
"1400 13 ST, LETHBRIDGE, AB, Canada",5
"1400 14 AV, LETHBRIDGE, AB, Canada",6
"1400 14 ST, LETHBRIDGE, AB, Canada",5
"1400 15 AV, LETHBRIDGE, AB, Canada",5
"1400 15 ST, LETHBRIDGE, AB, Canada",6
"1400 16 AV, LETHBRIDGE, AB, Canada",19
"1400 16 ST, LETHBRIDGE, AB, Canada",46
"1400 17 ST, LETHBRIDGE, AB, Canada",6
"1400 18 AV, LETHBRIDGE, AB, Canada",6
"1400 18 ST, LETHBRIDGE, AB, Canada",7
"1400 19 AV, LETHBRIDGE, AB, Canada",3
"1400 19 ST, LETHBRIDGE, AB, Canada",2
"1400 2 AV, LETHBRIDGE, AB, Canada",7
"1400 20 ST, LETHBRIDGE, AB, Canada",37
"1400 23 AV, LETHBRIDGE, AB, Canada",2
"1400 23 ST, LETHBRIDGE, AB, Canada",7
"1400 24 AV, LETHBRIDGE, AB, Canada",1
"1400 24 ST, LETHBRIDGE, AB, Canada",14
"1400 25 AV, LETHBRIDGE, AB, Canada",1
"1400 26 ST, LETHBRIDGE, AB, Canada",2
"1400 28 ST, LETHBRIDGE, AB, Canada",4
"1400 3 AV, LETHBRIDGE, AB, Canada",26
"1400 30 ST, LETHBRIDGE, AB, Canada",5
"1400 31 ST, LETHBRIDGE, AB, Canada",18
"1400 33 ST, LETHBRIDGE, AB, Canada",18
"1400 36 ST, LETHBRIDGE, AB, Canada",4
"1400 3A AV, LETHBRIDGE, AB, Canada",5
"1400 4 AV, LETHBRIDGE, AB, Canada",10
"1400 41 ST, LETHBRIDGE, AB, Canada",9
"1400 43 ST, LETHBRIDGE, AB, Canada",22
"1400 5 AV, LETHBRIDGE, AB, Canada",21
"1400 5A AV, LETHBRIDGE, AB, Canada",4
"1400 6 AV, LETHBRIDGE, AB, Canada",12
"1400 6A AV, LETHBRIDGE, AB, Canada",6
"1400 7 AV, LETHBRIDGE, AB, Canada",22
"1400 8 AV, LETHBRIDGE, AB, Canada",5
"1400 9 AV, LETHBRIDGE, AB, Canada",107
"1400 9 ST, LETHBRIDGE, AB, Canada",1
"1400 9A AV, LETHBRIDGE, AB, Canada",8
"1400 ASHGROVE RD, LETHBRIDGE, AB, Canada",101
"1400 ASPEN PL, LETHBRIDGE, AB, Canada",1
"1400 BIRCH PL, LETHBRIDGE, AB, Canada",3
"1400 CEDAR PL, LETHBRIDGE, AB, Canada",1
"1400 COALBANKS BD, LETHBRIDGE, AB, Canada",2
"1400 HALIFAX RD, LETHBRIDGE, AB, Canada",6
"1400 HENDERSON LAKE BD, LETHBRIDGE, AB, Canada",1
"1400 LAKEMOUNT BD, LETHBRIDGE, AB, Canada",29
"1400 LAKEVIEW DR, LETHBRIDGE, AB, Canada",5
"1400 MAYOR MAGRATH DR, LETHBRIDGE, AB, Canada",26
"1400 ST ANDREW RD, LETHBRIDGE, AB, Canada",4
"1400 ST BASIL RD, LETHBRIDGE, AB, Canada",1
"1400 ST EDWARD BD, LETHBRIDGE, AB, Canada",36
"1500 1 AV, LETHBRIDGE, AB, Canada",4
"1500 10A AV, LETHBRIDGE, AB, Canada",2
"1500 12 AV, LETHBRIDGE, AB, Canada",7
"1500 13 AV, LETHBRIDGE, AB, Canada",20
"1500 13 ST, LETHBRIDGE, AB, Canada",22
"1500 14 AV, LETHBRIDGE, AB, Canada",15
"1500 14 ST, LETHBRIDGE, AB, Canada",4
"1500 15 AV, LETHBRIDGE, AB, Canada",23
"1500 15 ST, LETHBRIDGE, AB, Canada",3
"1500 16 AV, LETHBRIDGE, AB, Canada",10
"1500 17 AV, LETHBRIDGE, AB, Canada",2
"1500 18 AV, LETHBRIDGE, AB, Canada",9
"1500 19 AV, LETHBRIDGE, AB, Canada",1
"1500 2 AV, LETHBRIDGE, AB, Canada",38
"1500 20 AV, LETHBRIDGE, AB, Canada",1
"1500 20 ST, LETHBRIDGE, AB, Canada",1
"1500 23 AV, LETHBRIDGE, AB, Canada",9
"1500 23 ST, LETHBRIDGE, AB, Canada",4
"1500 25 AV, LETHBRIDGE, AB, Canada",2
"1500 28 ST, LETHBRIDGE, AB, Canada",1
"1500 29 ST, LETHBRIDGE, AB, Canada",10
"1500 3 AV, LETHBRIDGE, AB, Canada",27
"1500 31 ST, LETHBRIDGE, AB, Canada",3
"1500 33 ST, LETHBRIDGE, AB, Canada",11
"1500 36 ST, LETHBRIDGE, AB, Canada",4
"1500 4 AV, LETHBRIDGE, AB, Canada",14
"1500 5 AV, LETHBRIDGE, AB, Canada",24
"1500 5A AV, LETHBRIDGE, AB, Canada",3
"1500 6 AV, LETHBRIDGE, AB, Canada",10
"1500 6A AV, LETHBRIDGE, AB, Canada",7
"1500 7 AV, LETHBRIDGE, AB, Canada",1
"1500 8 AV, LETHBRIDGE, AB, Canada",9
"1500 9 AV, LETHBRIDGE, AB, Canada",48
"1500 9A AV, LETHBRIDGE, AB, Canada",4
"1500 ASPEN PL, LETHBRIDGE, AB, Canada",5
"1500 BIRCH PL, LETHBRIDGE, AB, Canada",4
"1500 CEDAR PL, LETHBRIDGE, AB, Canada",1
"1500 COALBANKS BD, LETHBRIDGE, AB, Canada",6
"1500 LAKEMOUNT BD, LETHBRIDGE, AB, Canada",2
"1500 LAKESHORE RD, LETHBRIDGE, AB, Canada",2
"1500 LAKEVIEW DR, LETHBRIDGE, AB, Canada",7
"1500 MAYOR MAGRATH DR, LETHBRIDGE, AB, Canada",17
"1500 SIXMILE WY, LETHBRIDGE, AB, Canada",2
"1500 ST ANDREW RD, LETHBRIDGE, AB, Canada",3
"1500 ST BASIL RD, LETHBRIDGE, AB, Canada",5
"1500 ST EDWARD BD, LETHBRIDGE, AB, Canada",2
"1500 ST FRANCIS RD, LETHBRIDGE, AB, Canada",49
"1500 ST GEORGE RD, LETHBRIDGE, AB, Canada",9
"1500 STAFFORD DR, LETHBRIDGE, AB, Canada",5
"1600 1 AV, LETHBRIDGE, AB, Canada",8
"1600 10 AV, LETHBRIDGE, AB, Canada",10
"1600 12 AV, LETHBRIDGE, AB, Canada",10
"1600 13 AV, LETHBRIDGE, AB, Canada",10
"1600 13 ST, LETHBRIDGE, AB, Canada",17
"1600 14 AV, LETHBRIDGE, AB, Canada",6
"1600 15 AV, LETHBRIDGE, AB, Canada",66
"1600 16 AV, LETHBRIDGE, AB, Canada",2
"1600 17 AV, LETHBRIDGE, AB, Canada",4
"1600 17 ST, LETHBRIDGE, AB, Canada",1
"1600 18 AV, LETHBRIDGE, AB, Canada",3
"1600 19 AV, LETHBRIDGE, AB, Canada",2
"1600 2 AV, LETHBRIDGE, AB, Canada",12
"1600 20 AV, LETHBRIDGE, AB, Canada",7
"1600 20 ST, LETHBRIDGE, AB, Canada",4
"1600 23 AV, LETHBRIDGE, AB, Canada",2
"1600 23 ST, LETHBRIDGE, AB, Canada",18
"1600 24 AV, LETHBRIDGE, AB, Canada",2
"1600 24 ST, LETHBRIDGE, AB, Canada",7
"1600 25 AV, LETHBRIDGE, AB, Canada",2
"1600 26 ST, LETHBRIDGE, AB, Canada",1
"1600 29 ST, LETHBRIDGE, AB, Canada",9
"1600 2A AV, LETHBRIDGE, AB, Canada",2
"1600 2B AV, LETHBRIDGE, AB, Canada",7
"1600 3 AV, LETHBRIDGE, AB, Canada",73
"1600 31 ST, LETHBRIDGE, AB, Canada",1
"1600 5 AV, LETHBRIDGE, AB, Canada",5
"1600 5A AV, LETHBRIDGE, AB, Canada",4
"1600 6 AV, LETHBRIDGE, AB, Canada",4
"1600 7 AV, LETHBRIDGE, AB, Canada",7
"1600 8 AV, LETHBRIDGE, AB, Canada",3
"1600 8A AV, LETHBRIDGE, AB, Canada",2
"1600 9 AV, LETHBRIDGE, AB, Canada",16
"1600 9A AV, LETHBRIDGE, AB, Canada",6
"1600 ASHGROVE RD, LETHBRIDGE, AB, Canada",4
"1600 CEDAR RD, LETHBRIDGE, AB, Canada",4
"1600 COALBANKS BD, LETHBRIDGE, AB, Canada",5
"1600 HENDERSON LAKE BD, LETHBRIDGE, AB, Canada",4
"1600 LAKEMOUNT BD, LETHBRIDGE, AB, Canada",1
"1600 LAKESIDE RD, LETHBRIDGE, AB, Canada",7
"1600 MAYOR MAGRATH DR, LETHBRIDGE, AB, Canada",41
"1600 SCENIC DR, LETHBRIDGE, AB, Canada",3
"1600 SCENIC HT, LETHBRIDGE, AB, Canada",119
"1600 SIXMILE VW, LETHBRIDGE, AB, Canada",6
"1600 ST BASIL RD, LETHBRIDGE, AB, Canada",4
"1600 ST DAVID RD, LETHBRIDGE, AB, Canada",28
"1600 ST EDWARD BD, LETHBRIDGE, AB, Canada",4
"1600 ST GEORGE RD, LETHBRIDGE, AB, Canada",17
"1600 STAFFORD DR, LETHBRIDGE, AB, Canada",14
"1700 1 AV, LETHBRIDGE, AB, Canada",4
"1700 1 ST, LETHBRIDGE, AB, Canada",1
"1700 10 AV, LETHBRIDGE, AB, Canada",8
"1700 10A AV, LETHBRIDGE, AB, Canada",10
"1700 11 AV, LETHBRIDGE, AB, Canada",2
"1700 12 AV, LETHBRIDGE, AB, Canada",8
"1700 13 AV, LETHBRIDGE, AB, Canada",17
"1700 13 ST, LETHBRIDGE, AB, Canada",6
"1700 14 AV, LETHBRIDGE, AB, Canada",12
"1700 15 AV, LETHBRIDGE, AB, Canada",63
"1700 16 AV, LETHBRIDGE, AB, Canada",73
"1700 17 AV, LETHBRIDGE, AB, Canada",5
"1700 18 AV, LETHBRIDGE, AB, Canada",7
"1700 18 ST, LETHBRIDGE, AB, Canada",3
"1700 2 AV, LETHBRIDGE, AB, Canada",265
"1700 20 ST, LETHBRIDGE, AB, Canada",4
"1700 23 AV, LETHBRIDGE, AB, Canada",8
"1700 23 ST, LETHBRIDGE, AB, Canada",103
"1700 24 ST, LETHBRIDGE, AB, Canada",4
"1700 26 ST, LETHBRIDGE, AB, Canada",1
"1700 2A AV, LETHBRIDGE, AB, Canada",9
"1700 2B AV, LETHBRIDGE, AB, Canada",21
"1700 3 AV, LETHBRIDGE, AB, Canada",11
"1700 5 AV, LETHBRIDGE, AB, Canada",43
"1700 5A AV, LETHBRIDGE, AB, Canada",2
"1700 6 AV, LETHBRIDGE, AB, Canada",9
"1700 6A AV, LETHBRIDGE, AB, Canada",19
"1700 7 AV, LETHBRIDGE, AB, Canada",18
"1700 8 AV, LETHBRIDGE, AB, Canada",2
"1700 8A AV, LETHBRIDGE, AB, Canada",24
"1700 9 AV, LETHBRIDGE, AB, Canada",1
"1700 ASHGROVE RD, LETHBRIDGE, AB, Canada",1
"1700 CEDAR RD, LETHBRIDGE, AB, Canada",1
"1700 HENDERSON LAKE BD, LETHBRIDGE, AB, Canada",12
"1700 LAKEHILL CR, LETHBRIDGE, AB, Canada",5
"1700 LAKEMOUNT BD, LETHBRIDGE, AB, Canada",1
"1700 LAKEPOINT RD, LETHBRIDGE, AB, Canada",1
"1700 LAKESHORE RD, LETHBRIDGE, AB, Canada",3
"1700 MAYOR MAGRATH DR, LETHBRIDGE, AB, Canada",131
"1700 SCENIC DR, LETHBRIDGE, AB, Canada",5
"1700 ST ANDREW RD, LETHBRIDGE, AB, Canada",9
"1700 ST EDWARD BD, LETHBRIDGE, AB, Canada",81
"1700 STAFFORD DR, LETHBRIDGE, AB, Canada",2
"1800 1 AV, LETHBRIDGE, AB, Canada",15
"1800 10 AV, LETHBRIDGE, AB, Canada",9
"1800 11 AV, LETHBRIDGE, AB, Canada",1
"1800 13 AV, LETHBRIDGE, AB, Canada",3
"1800 13 ST, LETHBRIDGE, AB, Canada",14
"1800 14 AV, LETHBRIDGE, AB, Canada",12
"1800 14 ST, LETHBRIDGE, AB, Canada",8
"1800 15 AV, LETHBRIDGE, AB, Canada",18
"1800 16 AV, LETHBRIDGE, AB, Canada",2
"1800 17A ST, LETHBRIDGE, AB, Canada",1
"1800 18 AV, LETHBRIDGE, AB, Canada",10
"1800 18 ST, LETHBRIDGE, AB, Canada",5
"1800 19 AV, LETHBRIDGE, AB, Canada",4
"1800 1A AV, LETHBRIDGE, AB, Canada",7
"1800 2 AV, LETHBRIDGE, AB, Canada",25
"1800 20 AV, LETHBRIDGE, AB, Canada",2
"1800 20 ST, LETHBRIDGE, AB, Canada",14
"1800 21 AV, LETHBRIDGE, AB, Canada",1
"1800 23 AV, LETHBRIDGE, AB, Canada",6
"1800 23 ST, LETHBRIDGE, AB, Canada",41
"1800 24 ST, LETHBRIDGE, AB, Canada",1
"1800 26 ST, LETHBRIDGE, AB, Canada",8
"1800 2A AV, LETHBRIDGE, AB, Canada",4
"1800 2B AV, LETHBRIDGE, AB, Canada",8
"1800 3 AV, LETHBRIDGE, AB, Canada",14
"1800 39 ST, LETHBRIDGE, AB, Canada",4
"1800 4 AV, LETHBRIDGE, AB, Canada",14
"1800 5 AV, LETHBRIDGE, AB, Canada",44
"1800 5A AV, LETHBRIDGE, AB, Canada",13
"1800 6 AV, LETHBRIDGE, AB, Canada",18
"1800 6A AV, LETHBRIDGE, AB, Canada",13
"1800 7 AV, LETHBRIDGE, AB, Canada",17
"1800 8 AV, LETHBRIDGE, AB, Canada",13
"1800 8A AV, LETHBRIDGE, AB, Canada",32
"1800 9 AV, LETHBRIDGE, AB, Canada",15
"1800 ASHGROVE RD, LETHBRIDGE, AB, Canada",4
"1800 CEDAR RD, LETHBRIDGE, AB, Canada",3
"1800 LAKEMOUNT BD, LETHBRIDGE, AB, Canada",4
"1800 LAKESIDE RD, LETHBRIDGE, AB, Canada",5
"1800 MAYOR MAGRATH DR, LETHBRIDGE, AB, Canada",16
"1900 1 AV, LETHBRIDGE, AB, Canada",1
"1900 10 AV, LETHBRIDGE, AB, Canada",5
"1900 12 AV, LETHBRIDGE, AB, Canada",10
"1900 13 AV, LETHBRIDGE, AB, Canada",15
"1900 13 ST, LETHBRIDGE, AB, Canada",61
"1900 14 ST, LETHBRIDGE, AB, Canada",2
"1900 15 AV, LETHBRIDGE, AB, Canada",29
"1900 16 AV, LETHBRIDGE, AB, Canada",3
"1900 17 AV, LETHBRIDGE, AB, Canada",6
"1900 17 ST, LETHBRIDGE, AB, Canada",4
"1900 18 AV, LETHBRIDGE, AB, Canada",31
"1900 18 ST, LETHBRIDGE, AB, Canada",8
"1900 19 AV, LETHBRIDGE, AB, Canada",1
"1900 19 ST, LETHBRIDGE, AB, Canada",1
"1900 2 AV, LETHBRIDGE, AB, Canada",4
"1900 20 ST, LETHBRIDGE, AB, Canada",1
"1900 21 AV, LETHBRIDGE, AB, Canada",12
"1900 22 AV, LETHBRIDGE, AB, Canada",1
"1900 23 AV, LETHBRIDGE, AB, Canada",2
"1900 23 ST, LETHBRIDGE, AB, Canada",74
"1900 25 AV, LETHBRIDGE, AB, Canada",1
"1900 3 AV, LETHBRIDGE, AB, Canada",22
"1900 36 ST, LETHBRIDGE, AB, Canada",11
"1900 4 AV, LETHBRIDGE, AB, Canada",29
"1900 5 AV, LETHBRIDGE, AB, Canada",4
"1900 6 AV, LETHBRIDGE, AB, Canada",9
"1900 6A AV, LETHBRIDGE, AB, Canada",23
"1900 7 AV, LETHBRIDGE, AB, Canada",13
"1900 7A AV, LETHBRIDGE, AB, Canada",2
"1900 8 AV, LETHBRIDGE, AB, Canada",8
"1900 8A AV, LETHBRIDGE, AB, Canada",8
"1900 9 AV, LETHBRIDGE, AB, Canada",16
"1900 BEECH RD, LETHBRIDGE, AB, Canada",6
"1900 CEDAR RD, LETHBRIDGE, AB, Canada",34
"1900 LAKEHILL CR, LETHBRIDGE, AB, Canada",5
"1900 LAKEMOUNT BD, LETHBRIDGE, AB, Canada",2
"1900 LAKEPOINT RD, LETHBRIDGE, AB, Canada",2
"1900 LAKESHORE RD, LETHBRIDGE, AB, Canada",4
"1900 LAKESIDE RD, LETHBRIDGE, AB, Canada",5
"1900 MAYOR MAGRATH DR, LETHBRIDGE, AB, Canada",25
"1900 SCENIC DR, LETHBRIDGE, AB, Canada",1
"200 1 AV, LETHBRIDGE, AB, Canada",37
"200 10 ST, LETHBRIDGE, AB, Canada",174
"200 11 ST, LETHBRIDGE, AB, Canada",7
"200 12 ST, LETHBRIDGE, AB, Canada",20
"200 12A ST, LETHBRIDGE, AB, Canada",31
"200 12B ST, LETHBRIDGE, AB, Canada",95
"200 12C ST, LETHBRIDGE, AB, Canada",154
"200 13 ST, LETHBRIDGE, AB, Canada",742
"200 14 ST, LETHBRIDGE, AB, Canada",166
"200 15 ST, LETHBRIDGE, AB, Canada",33
"200 16 ST, LETHBRIDGE, AB, Canada",24
"200 17 ST, LETHBRIDGE, AB, Canada",2
"200 18 ST, LETHBRIDGE, AB, Canada",3
"200 19 ST, LETHBRIDGE, AB, Canada",4
"200 2 AV, LETHBRIDGE, AB, Canada",134
"200 2 ST, LETHBRIDGE, AB, Canada",2
"200 20 ST, LETHBRIDGE, AB, Canada",33
"200 22 ST, LETHBRIDGE, AB, Canada",10
"200 23 ST, LETHBRIDGE, AB, Canada",8
"200 24 ST, LETHBRIDGE, AB, Canada",15
"200 25 ST, LETHBRIDGE, AB, Canada",2
"200 27 ST, LETHBRIDGE, AB, Canada",14
"200 28 ST, LETHBRIDGE, AB, Canada",2
"200 3 AV, LETHBRIDGE, AB, Canada",501
"200 3 ST, LETHBRIDGE, AB, Canada",6
"200 30 ST, LETHBRIDGE, AB, Canada",8
"200 31 ST, LETHBRIDGE, AB, Canada",17
"200 33 ST, LETHBRIDGE, AB, Canada",1
"200 36 ST, LETHBRIDGE, AB, Canada",7
"200 4 AV, LETHBRIDGE, AB, Canada",398
"200 4 ST, LETHBRIDGE, AB, Canada",18
"200 41 ST, LETHBRIDGE, AB, Canada",66
"200 43 ST, LETHBRIDGE, AB, Canada",1
"200 5 AV, LETHBRIDGE, AB, Canada",215
"200 5 ST, LETHBRIDGE, AB, Canada",135
"200 6A AV, LETHBRIDGE, AB, Canada",10
"200 7 AV, LETHBRIDGE, AB, Canada",6
"200 7 ST, LETHBRIDGE, AB, Canada",6
"200 7A AV, LETHBRIDGE, AB, Canada",158
"200 8 ST, LETHBRIDGE, AB, Canada",21
"200 ABERDEEN RD, LETHBRIDGE, AB, Canada",10
"200 AGNES SHORT PL, LETHBRIDGE, AB, Canada",7
"200 ALGONQUIN RD, LETHBRIDGE, AB, Canada",16
"200 BLACKFOOT CI, LETHBRIDGE, AB, Canada",8
"200 BLACKFOOT RD, LETHBRIDGE, AB, Canada",24
"200 BLACKWOLF WY, LETHBRIDGE, AB, Canada",4
"200 BLUEFOX BD, LETHBRIDGE, AB, Canada",19
"200 BRIDGE DR, LETHBRIDGE, AB, Canada",3
"200 BRITANNIA BD, LETHBRIDGE, AB, Canada",83
"200 BRITTANIA BD, LETHBRIDGE, AB, Canada",1
"200 CANYON ESTATES WY, LETHBRIDGE, AB, Canada",1
"200 CANYON TE, LETHBRIDGE, AB, Canada",1
"200 CANYONCREST PT, LETHBRIDGE, AB, Canada",1
"200 CASSINO ST, LETHBRIDGE, AB, Canada",2
"200 CHILCOTIN RD, LETHBRIDGE, AB, Canada",17
"200 COACHWOOD PT, LETHBRIDGE, AB, Canada",3
"200 COALBANKS BD, LETHBRIDGE, AB, Canada",10
"200 COLUMBIA BD, LETHBRIDGE, AB, Canada",74
"200 CORVETTE CR, LETHBRIDGE, AB, Canada",13
"200 COUGAR WY, LETHBRIDGE, AB, Canada",18
"200 COULEECREEK MN, LETHBRIDGE, AB, Canada",8
"200 COULEESPRINGS TE, LETHBRIDGE, AB, Canada",2
"200 CROCUS TE, LETHBRIDGE, AB, Canada",2
"200 DIEPPE BD, LETHBRIDGE, AB, Canada",3
"200 DUNKIRK ST, LETHBRIDGE, AB, Canada",2
"200 EAGLE PL, LETHBRIDGE, AB, Canada",3
"200 EAGLE RD, LETHBRIDGE, AB, Canada",9
"200 ERMINEGLEN CV, LETHBRIDGE, AB, Canada",3
"200 FAIRMONT BD, LETHBRIDGE, AB, Canada",7
"200 FIRELIGHT CR, LETHBRIDGE, AB, Canada",7
"200 FIRELIGHT WY, LETHBRIDGE, AB, Canada",16
"200 GRASSLAND BD, LETHBRIDGE, AB, Canada",8
"200 GRASSLANDS BD, LETHBRIDGE, AB, Canada",1
"200 GRIZZLY BY, LETHBRIDGE, AB, Canada",1
"200 HARU MORIYAMA PL, LETHBRIDGE, AB, Canada",9
"200 HERITAGE BD, LETHBRIDGE, AB, Canada",7
"200 HERITAGE CI, LETHBRIDGE, AB, Canada",6
"200 HERITAGE CL, LETHBRIDGE, AB, Canada",2
"200 HERITAGE CR, LETHBRIDGE, AB, Canada",4
"200 HERITAGE CT, LETHBRIDGE, AB, Canada",16
"200 HERITAGE PL, LETHBRIDGE, AB, Canada",6
"200 INDIAN BATTLE RD, LETHBRIDGE, AB, Canada",27
"200 JERRY POTTS BD, LETHBRIDGE, AB, Canada",13
"200 JESSIE ROBINSON CL, LETHBRIDGE, AB, Canada",1
"200 KEYSTONE LN, LETHBRIDGE, AB, Canada",17
"200 KODIAK BD, LETHBRIDGE, AB, Canada",5
"200 LAFAYETTE BD, LETHBRIDGE, AB, Canada",24
"200 LAKHOTA CR, LETHBRIDGE, AB, Canada",1
"200 LASALLE TE, LETHBRIDGE, AB, Canada",14
"200 LAVAL BD, LETHBRIDGE, AB, Canada",15
"200 LEASIDE AV, LETHBRIDGE, AB, Canada",3
"200 LETTICE PERRY RD, LETHBRIDGE, AB, Canada",14
"200 LYNX CV, LETHBRIDGE, AB, Canada",2
"200 LYNX RD, LETHBRIDGE, AB, Canada",7
"200 MAYOR MAGRATH DR, LETHBRIDGE, AB, Canada",118
"200 MCGILL BD, LETHBRIDGE, AB, Canada",110
"200 MCMASTER BD, LETHBRIDGE, AB, Canada",50
"200 MILDRED DOBBS BD, LETHBRIDGE, AB, Canada",22
"200 MINERS CH, LETHBRIDGE, AB, Canada",6
"200 MT ALDERSON CR, LETHBRIDGE, AB, Canada",18
"200 MT BLAKISTON RD, LETHBRIDGE, AB, Canada",8
"200 MT CRANDELL CR, LETHBRIDGE, AB, Canada",192
"200 MT RUNDLE RD, LETHBRIDGE, AB, Canada",2
"200 MT SUNBURST PL, LETHBRIDGE, AB, Canada",7
"200 MT SUNBURST WY, LETHBRIDGE, AB, Canada",20
"200 MT SUNDANCE CR, LETHBRIDGE, AB, Canada",7
"200 MT SUNDIAL CT, LETHBRIDGE, AB, Canada",20
"200 NORTHLANDER BN, LETHBRIDGE, AB, Canada",3
"200 OJIBWA PL, LETHBRIDGE, AB, Canada",2
"200 PEIGAN CT, LETHBRIDGE, AB, Canada",15
"200 PRAIRIE ROSE PL, LETHBRIDGE, AB, Canada",1
"200 RED CROW BD, LETHBRIDGE, AB, Canada",5
"200 RIVERGROVE CH, LETHBRIDGE, AB, Canada",2
"200 RIVERMILL MN, LETHBRIDGE, AB, Canada",2
"200 RIVERPARK BD, LETHBRIDGE, AB, Canada",18
"200 RIVERSTONE BD, LETHBRIDGE, AB, Canada",16
"200 ROCKY MOUNTAIN BD, LETHBRIDGE, AB, Canada",20
"200 RYERSON RD, LETHBRIDGE, AB, Canada",17
"200 SCENIC DR, LETHBRIDGE, AB, Canada",85
"200 SHERWOOD PL, LETHBRIDGE, AB, Canada",6
"200 SILKSTONE BY, LETHBRIDGE, AB, Canada",3
"200 SILKSTONE RD, LETHBRIDGE, AB, Canada",41
"200 SIXMILE CM, LETHBRIDGE, AB, Canada",9
"200 SIXMILE RG, LETHBRIDGE, AB, Canada",12
"200 SOUTHGATE BD, LETHBRIDGE, AB, Canada",18
"200 SQUAMISH CT, LETHBRIDGE, AB, Canada",2
"200 ST JAMES BD, LETHBRIDGE, AB, Canada",28
"200 STAFFORD BD, LETHBRIDGE, AB, Canada",3
"200 STAFFORD BY, LETHBRIDGE, AB, Canada",17
"200 STAFFORD DR, LETHBRIDGE, AB, Canada",73
"200 STONECREST BY, LETHBRIDGE, AB, Canada",2
"200 SUNRIDGE RD, LETHBRIDGE, AB, Canada",79
"200 TARTAN CI, LETHBRIDGE, AB, Canada",4
"200 TWINRIVER RD, LETHBRIDGE, AB, Canada",10
"200 UNIVERSITY DR, LETHBRIDGE, AB, Canada",2
"200 UPLANDS BD, LETHBRIDGE, AB, Canada",12
"2000 1 AV, LETHBRIDGE, AB, Canada",8
"2000 10 AV, LETHBRIDGE, AB, Canada",16
"2000 12 AV, LETHBRIDGE, AB, Canada",21
"2000 13 AV, LETHBRIDGE, AB, Canada",24
"2000 13 ST, LETHBRIDGE, AB, Canada",11
"2000 14 AV, LETHBRIDGE, AB, Canada",2
"2000 15 AV, LETHBRIDGE, AB, Canada",11
"2000 16 AV, LETHBRIDGE, AB, Canada",4
"2000 16 ST, LETHBRIDGE, AB, Canada",4
"2000 18 AV, LETHBRIDGE, AB, Canada",17
"2000 18 ST, LETHBRIDGE, AB, Canada",2
"2000 19 AV, LETHBRIDGE, AB, Canada",8
"2000 19 ST, LETHBRIDGE, AB, Canada",10
"2000 2 AV, LETHBRIDGE, AB, Canada",55
"2000 20 AV, LETHBRIDGE, AB, Canada",4
"2000 20 ST, LETHBRIDGE, AB, Canada",5
"2000 21 AV, LETHBRIDGE, AB, Canada",1
"2000 22 AV, LETHBRIDGE, AB, Canada",1
"2000 23 AV, LETHBRIDGE, AB, Canada",7
"2000 23 ST, LETHBRIDGE, AB, Canada",15
"2000 26 ST, LETHBRIDGE, AB, Canada",4
"2000 28 ST, LETHBRIDGE, AB, Canada",9
"2000 3 AV, LETHBRIDGE, AB, Canada",22
"2000 32 ST, LETHBRIDGE, AB, Canada",30
"2000 37 ST, LETHBRIDGE, AB, Canada",2
"2000 40 ST, LETHBRIDGE, AB, Canada",5
"2000 5 AV, LETHBRIDGE, AB, Canada",34
"2000 6 AV, LETHBRIDGE, AB, Canada",11
"2000 6A AV, LETHBRIDGE, AB, Canada",3
"2000 7 AV, LETHBRIDGE, AB, Canada",93
"2000 9 AV, LETHBRIDGE, AB, Canada",56
"2000 MAYOR MAGRATH DR, LETHBRIDGE, AB, Canada",157
"2000 PALM RD, LETHBRIDGE, AB, Canada",2
"2000 SCENIC DR, LETHBRIDGE, AB, Canada",5
"2100 10 AV, LETHBRIDGE, AB, Canada",7
"2100 10A AV, LETHBRIDGE, AB, Canada",18
"2100 11 AV, LETHBRIDGE, AB, Canada",3
"2100 12 AV, LETHBRIDGE, AB, Canada",23
"2100 13 AV, LETHBRIDGE, AB, Canada",63
"2100 13 ST, LETHBRIDGE, AB, Canada",9
"2100 14 AV, LETHBRIDGE, AB, Canada",14
"2100 15 AV, LETHBRIDGE, AB, Canada",29
"2100 16 AV, LETHBRIDGE, AB, Canada",1
"2100 17 AV, LETHBRIDGE, AB, Canada",4
"2100 17 ST, LETHBRIDGE, AB, Canada",4
"2100 18 AV, LETHBRIDGE, AB, Canada",1
"2100 18 ST, LETHBRIDGE, AB, Canada",1
"2100 19 AV, LETHBRIDGE, AB, Canada",3
"2100 20 AV, LETHBRIDGE, AB, Canada",3
"2100 20 ST, LETHBRIDGE, AB, Canada",8
"2100 23 ST, LETHBRIDGE, AB, Canada",18
"2100 28 ST, LETHBRIDGE, AB, Canada",2
"2100 35 ST, LETHBRIDGE, AB, Canada",4
"2100 36 ST, LETHBRIDGE, AB, Canada",6
"2100 5 AV, LETHBRIDGE, AB, Canada",46
"2100 5A AV, LETHBRIDGE, AB, Canada",9
"2100 6 AV, LETHBRIDGE, AB, Canada",8
"2100 6A AV, LETHBRIDGE, AB, Canada",10
"2100 7 AV, LETHBRIDGE, AB, Canada",6
"2100 8 AV, LETHBRIDGE, AB, Canada",7
"2100 9 AV, LETHBRIDGE, AB, Canada",2
"2100 9A AV, LETHBRIDGE, AB, Canada",29
"2100 9B AV, LETHBRIDGE, AB, Canada",14
"2100 MAYOR MAGRATH DR, LETHBRIDGE, AB, Canada",5
"2100 PALM RD, LETHBRIDGE, AB, Canada",198
"21100 HWY 512, LETHBRIDGE, AB, Canada",12
"213000 TWP RD 100, LETHBRIDGE, AB, Canada",3
"2200 10 AV, LETHBRIDGE, AB, Canada",2
"2200 10A AV, LETHBRIDGE, AB, Canada",4
"2200 11 AV, LETHBRIDGE, AB, Canada",2
"2200 11A AV, LETHBRIDGE, AB, Canada",3
"2200 12 AV, LETHBRIDGE, AB, Canada",1
"2200 13 AV, LETHBRIDGE, AB, Canada",2
"2200 13 ST, LETHBRIDGE, AB, Canada",1
"2200 14 AV, LETHBRIDGE, AB, Canada",4
"2200 15 AV, LETHBRIDGE, AB, Canada",3
"2200 16 AV, LETHBRIDGE, AB, Canada",2
"2200 18 AV, LETHBRIDGE, AB, Canada",5
"2200 19 AV, LETHBRIDGE, AB, Canada",8
"2200 19 ST, LETHBRIDGE, AB, Canada",3
"2200 2 AV, LETHBRIDGE, AB, Canada",7
"2200 20 AV, LETHBRIDGE, AB, Canada",1
"2200 20 ST, LETHBRIDGE, AB, Canada",3
"2200 23 AV, LETHBRIDGE, AB, Canada",7
"2200 23 ST, LETHBRIDGE, AB, Canada",3
"2200 26 AV, LETHBRIDGE, AB, Canada",6
"2200 26 ST, LETHBRIDGE, AB, Canada",3
"2200 26A ST, LETHBRIDGE, AB, Canada",4
"2200 27 AV, LETHBRIDGE, AB, Canada",5
"2200 27 ST, LETHBRIDGE, AB, Canada",7
"2200 28 ST, LETHBRIDGE, AB, Canada",3
"2200 31 ST, LETHBRIDGE, AB, Canada",2
"2200 32 ST, LETHBRIDGE, AB, Canada",86
"2200 36 ST, LETHBRIDGE, AB, Canada",4
"2200 39 ST, LETHBRIDGE, AB, Canada",11
"2200 40 ST, LETHBRIDGE, AB, Canada",3
"2200 41 ST, LETHBRIDGE, AB, Canada",4
"2200 42 ST, LETHBRIDGE, AB, Canada",9
"2200 5 AV, LETHBRIDGE, AB, Canada",4
"2200 5A AV, LETHBRIDGE, AB, Canada",5
"2200 6 AV, LETHBRIDGE, AB, Canada",8
"2200 6A AV, LETHBRIDGE, AB, Canada",5
"2200 7 AV, LETHBRIDGE, AB, Canada",307
"2200 8 AV, LETHBRIDGE, AB, Canada",18
"2200 9 AV, LETHBRIDGE, AB, Canada",6
"2200 MAYOR MAGRATH DR, LETHBRIDGE, AB, Canada",21
"2200 SCENIC DR, LETHBRIDGE, AB, Canada",2
"2200 STAFFORD DR, LETHBRIDGE, AB, Canada",2
"2200 UNIVERSITY DR, LETHBRIDGE, AB, Canada",1
"2300 10 AV, LETHBRIDGE, AB, Canada",30
"2300 11 AV, LETHBRIDGE, AB, Canada",1
"2300 13 ST, LETHBRIDGE, AB, Canada",111
"2300 14 AV, LETHBRIDGE, AB, Canada",4
"2300 14 ST, LETHBRIDGE, AB, Canada",3
"2300 15 AV, LETHBRIDGE, AB, Canada",6
"2300 16 AV, LETHBRIDGE, AB, Canada",5
"2300 16 ST, LETHBRIDGE, AB, Canada",1
"2300 18 ST, LETHBRIDGE, AB, Canada",10
"2300 19 AV, LETHBRIDGE, AB, Canada",3
"2300 2 AV, LETHBRIDGE, AB, Canada",13
"2300 20 ST, LETHBRIDGE, AB, Canada",4
"2300 22 ST, LETHBRIDGE, AB, Canada",6
"2300 23 AV, LETHBRIDGE, AB, Canada",9
"2300 23 ST, LETHBRIDGE, AB, Canada",54
"2300 24 ST, LETHBRIDGE, AB, Canada",2
"2300 2A AV, LETHBRIDGE, AB, Canada",9
"2300 36 ST, LETHBRIDGE, AB, Canada",46
"2300 4 AV, LETHBRIDGE, AB, Canada",17
"2300 43 ST, LETHBRIDGE, AB, Canada",5
"2300 5 AV, LETHBRIDGE, AB, Canada",6
"2300 5A AV, LETHBRIDGE, AB, Canada",1
"2300 6 AV, LETHBRIDGE, AB, Canada",8
"2300 7 AV, LETHBRIDGE, AB, Canada",1
"2300 9 AV, LETHBRIDGE, AB, Canada",8
"2300 MAYOR MAGRATH DR, LETHBRIDGE, AB, Canada",62
"2300 PARKSIDE DR, LETHBRIDGE, AB, Canada",39
"2300 SCENIC DR, LETHBRIDGE, AB, Canada",11
"2400 10 AV, LETHBRIDGE, AB, Canada",38
"2400 11 AV, LETHBRIDGE, AB, Canada",1
"2400 12 AV, LETHBRIDGE, AB, Canada",15
"2400 13 AV, LETHBRIDGE, AB, Canada",19
"2400 13 ST, LETHBRIDGE, AB, Canada",59
"2400 14 AV, LETHBRIDGE, AB, Canada",16
"2400 14 ST, LETHBRIDGE, AB, Canada",6
"2400 15 AV, LETHBRIDGE, AB, Canada",22
"2400 16 AV, LETHBRIDGE, AB, Canada",2
"2400 16 ST, LETHBRIDGE, AB, Canada",5
"2400 17 AV, LETHBRIDGE, AB, Canada",1
"2400 17 ST, LETHBRIDGE, AB, Canada",2
"2400 18 ST, LETHBRIDGE, AB, Canada",6
"2400 19 AV, LETHBRIDGE, AB, Canada",4
"2400 19 ST, LETHBRIDGE, AB, Canada",3
"2400 2 AV, LETHBRIDGE, AB, Canada",5
"2400 20 ST, LETHBRIDGE, AB, Canada",14
"2400 21 AV, LETHBRIDGE, AB, Canada",8
"2400 22 AV, LETHBRIDGE, AB, Canada",6
"2400 22 ST, LETHBRIDGE, AB, Canada",3
"2400 23 ST, LETHBRIDGE, AB, Canada",8
"2400 28 ST, LETHBRIDGE, AB, Canada",6
"2400 2A AV, LETHBRIDGE, AB, Canada",1
"2400 41 ST, LETHBRIDGE, AB, Canada",5
"2400 5 AV, LETHBRIDGE, AB, Canada",1
"2400 5A AV, LETHBRIDGE, AB, Canada",3
"2400 6 AV, LETHBRIDGE, AB, Canada",7
"2400 7 AV, LETHBRIDGE, AB, Canada",22
"2400 7A AV, LETHBRIDGE, AB, Canada",4
"2400 8 AV, LETHBRIDGE, AB, Canada",3
"2400 8A AV, LETHBRIDGE, AB, Canada",3
"2400 9 AV, LETHBRIDGE, AB, Canada",18
"2400 FAIRWAY PLAZA RD, LETHBRIDGE, AB, Canada",48
"2400 PARKSIDE DR, LETHBRIDGE, AB, Canada",18
"2400 SCENIC DR, LETHBRIDGE, AB, Canada",2
"2500 11 AV, LETHBRIDGE, AB, Canada",4
"2500 12 AV, LETHBRIDGE, AB, Canada",13
"2500 13 AV, LETHBRIDGE, AB, Canada",29
"2500 13 ST, LETHBRIDGE, AB, Canada",16
"2500 14 AV, LETHBRIDGE, AB, Canada",6
"2500 15 AV, LETHBRIDGE, AB, Canada",10
"2500 16 AV, LETHBRIDGE, AB, Canada",2
"2500 19 AV, LETHBRIDGE, AB, Canada",3
"2500 20 AV, LETHBRIDGE, AB, Canada",3
"2500 22 AV, LETHBRIDGE, AB, Canada",2
"2500 23 ST, LETHBRIDGE, AB, Canada",2
"2500 28 AV, LETHBRIDGE, AB, Canada",4
"2500 3 AV, LETHBRIDGE, AB, Canada",1
"2500 36 ST, LETHBRIDGE, AB, Canada",1
"2500 39 ST, LETHBRIDGE, AB, Canada",5
"2500 4 AV, LETHBRIDGE, AB, Canada",1
"2500 46 ST, LETHBRIDGE, AB, Canada",5
"2500 5 AV, LETHBRIDGE, AB, Canada",36
"2500 5A AV, LETHBRIDGE, AB, Canada",4
"2500 6 AV, LETHBRIDGE, AB, Canada",5
"2500 7 AV, LETHBRIDGE, AB, Canada",18
"2500 7A AV, LETHBRIDGE, AB, Canada",4
"2500 8 AV, LETHBRIDGE, AB, Canada",1
"2500 8A AV, LETHBRIDGE, AB, Canada",4
"2500 HIGHLANDS BD, LETHBRIDGE, AB, Canada",1
"2500 HIGHLANDS RD, LETHBRIDGE, AB, Canada",27
"2500 PARKSIDE DR, LETHBRIDGE, AB, Canada",3
"2500 SCENIC DR, LETHBRIDGE, AB, Canada",21
"2500 WALSH DR, LETHBRIDGE, AB, Canada",45
"2500 WESTSIDE DR, LETHBRIDGE, AB, Canada",3
"2600 1 ST, LETHBRIDGE, AB, Canada",1
"2600 10 AV, LETHBRIDGE, AB, Canada",1
"2600 10A AV, LETHBRIDGE, AB, Canada",5
"2600 11A AV, LETHBRIDGE, AB, Canada",10
"2600 13 AV, LETHBRIDGE, AB, Canada",10
"2600 14 AV, LETHBRIDGE, AB, Canada",1
"2600 16 AV, LETHBRIDGE, AB, Canada",9
"2600 21 AV, LETHBRIDGE, AB, Canada",5
"2600 22 AV, LETHBRIDGE, AB, Canada",14
"2600 23 AV, LETHBRIDGE, AB, Canada",4
"2600 28 AV, LETHBRIDGE, AB, Canada",4
"2600 3 AV, LETHBRIDGE, AB, Canada",2
"2600 4 AV, LETHBRIDGE, AB, Canada",2
"2600 45 ST, LETHBRIDGE, AB, Canada",6
"2600 46 ST, LETHBRIDGE, AB, Canada",2
"2600 5 AV, LETHBRIDGE, AB, Canada",4
"2600 5A AV, LETHBRIDGE, AB, Canada",6
"2600 6 AV, LETHBRIDGE, AB, Canada",1
"2600 9 AV, LETHBRIDGE, AB, Canada",2
"2600 BLACKWOLF BD, LETHBRIDGE, AB, Canada",95
"2600 BLACKWOLF RD, LETHBRIDGE, AB, Canada",1
"2600 FAIRWAY PLAZA RD, LETHBRIDGE, AB, Canada",4
"2600 GARRY DR, LETHBRIDGE, AB, Canada",21
"2600 PARKSIDE DR, LETHBRIDGE, AB, Canada",7
"2600 SCENIC DR, LETHBRIDGE, AB, Canada",95
"2600 SOUTH PARKSIDE DR, LETHBRIDGE, AB, Canada",8
"2600 WESTSIDE DR, LETHBRIDGE, AB, Canada",17
"2700 10 AV, LETHBRIDGE, AB, Canada",2
"2700 10A AV, LETHBRIDGE, AB, Canada",12
"2700 11 AV, LETHBRIDGE, AB, Canada",14
"2700 11A AV, LETHBRIDGE, AB, Canada",4
"2700 12 AV, LETHBRIDGE, AB, Canada",21
"2700 14 AV, LETHBRIDGE, AB, Canada",3
"2700 2 AV, LETHBRIDGE, AB, Canada",7
"2700 20 AV, LETHBRIDGE, AB, Canada",8
"2700 21 AV, LETHBRIDGE, AB, Canada",2
"2700 23 AV, LETHBRIDGE, AB, Canada",1
"2700 26 AV, LETHBRIDGE, AB, Canada",1
"2700 28 ST, LETHBRIDGE, AB, Canada",26
"2700 29 ST, LETHBRIDGE, AB, Canada",1
"2700 4 AV, LETHBRIDGE, AB, Canada",3
"2700 45 ST, LETHBRIDGE, AB, Canada",1
"2700 5 AV, LETHBRIDGE, AB, Canada",1
"2700 6 AV, LETHBRIDGE, AB, Canada",7
"2700 6A AV, LETHBRIDGE, AB, Canada",8
"2700 7 AV, LETHBRIDGE, AB, Canada",4
"2700 7A AV, LETHBRIDGE, AB, Canada",2
"2700 8 AV, LETHBRIDGE, AB, Canada",4
"2700 8A AV, LETHBRIDGE, AB, Canada",13
"2700 9 AV, LETHBRIDGE, AB, Canada",9
"2700 FAIRWAY PLAZA RD, LETHBRIDGE, AB, Canada",42
"2700 FAIRWAY RD, LETHBRIDGE, AB, Canada",70
"2700 MAYOR MAGRATH DR, LETHBRIDGE, AB, Canada",65
"2700 MCKILLOP PL, LETHBRIDGE, AB, Canada",1
"2700 PARKSIDE DR, LETHBRIDGE, AB, Canada",31
"2700 SCENIC DR, LETHBRIDGE, AB, Canada",2
"2700 SOUTH PARKSIDE DR, LETHBRIDGE, AB, Canada",13
"2700 WESTSIDE DR, LETHBRIDGE, AB, Canada",40
"2800 12 AV, LETHBRIDGE, AB, Canada",23
"2800 13 AV, LETHBRIDGE, AB, Canada",22
"2800 2 AV, LETHBRIDGE, AB, Canada",8
"2800 22 AV, LETHBRIDGE, AB, Canada",7
"2800 22A AV, LETHBRIDGE, AB, Canada",2
"2800 26 AV, LETHBRIDGE, AB, Canada",3
"2800 28 AV, LETHBRIDGE, AB, Canada",3
"2800 32 ST, LETHBRIDGE, AB, Canada",2
"2800 34 ST, LETHBRIDGE, AB, Canada",1
"2800 35 AV, LETHBRIDGE, AB, Canada",3
"2800 44 ST, LETHBRIDGE, AB, Canada",2
"2800 47 ST, LETHBRIDGE, AB, Canada",4
"2800 5 AV, LETHBRIDGE, AB, Canada",26
"2800 6 AV, LETHBRIDGE, AB, Canada",2
"2800 6A AV, LETHBRIDGE, AB, Canada",2
"2800 FAIRWAY ST, LETHBRIDGE, AB, Canada",7
"2800 LAKEVIEW DR, LETHBRIDGE, AB, Canada",1
"2800 PARKSIDE DR, LETHBRIDGE, AB, Canada",18
"2800 SCENIC DR, LETHBRIDGE, AB, Canada",7
"2800 SOUTH PARKSIDE DR, LETHBRIDGE, AB, Canada",7
"2800 WESTSIDE DR, LETHBRIDGE, AB, Canada",2
"2900 11 AV, LETHBRIDGE, AB, Canada",5
"2900 12 AV, LETHBRIDGE, AB, Canada",44
"2900 13 AV, LETHBRIDGE, AB, Canada",2
"2900 15 AV, LETHBRIDGE, AB, Canada",8
"2900 16 AV, LETHBRIDGE, AB, Canada",1
"2900 18 AV, LETHBRIDGE, AB, Canada",7
"2900 2 AV, LETHBRIDGE, AB, Canada",15
"2900 20 AV, LETHBRIDGE, AB, Canada",5
"2900 26 AV, LETHBRIDGE, AB, Canada",26
"2900 27 AV, LETHBRIDGE, AB, Canada",3
"2900 28 AV, LETHBRIDGE, AB, Canada",6
"2900 29 AV, LETHBRIDGE, AB, Canada",1
"2900 29 ST, LETHBRIDGE, AB, Canada",4
"2900 30 AV, LETHBRIDGE, AB, Canada",1
"2900 31 AV, LETHBRIDGE, AB, Canada",3
"2900 31 ST, LETHBRIDGE, AB, Canada",16
"2900 32 ST, LETHBRIDGE, AB, Canada",26
"2900 33 AV, LETHBRIDGE, AB, Canada",2
"2900 40 AV, LETHBRIDGE, AB, Canada",2
"2900 46 ST, LETHBRIDGE, AB, Canada",2
"2900 48 AV, LETHBRIDGE, AB, Canada",2
"2900 9 AV, LETHBRIDGE, AB, Canada",14
"2900 FAIRWAY ST, LETHBRIDGE, AB, Canada",5
"2900 LAKEVIEW DR, LETHBRIDGE, AB, Canada",2
"2900 PARKSIDE DR, LETHBRIDGE, AB, Canada",1
"2900 SOUTH PARKSIDE DR, LETHBRIDGE, AB, Canada",1
"2900 SOUTHRIDGE RD, LETHBRIDGE, AB, Canada",3
"2900 WALSH DR, LETHBRIDGE, AB, Canada",1
"300 1 AV, LETHBRIDGE, AB, Canada",58
"300 10 ST, LETHBRIDGE, AB, Canada",34
"300 11 ST, LETHBRIDGE, AB, Canada",68
"300 12 ST, LETHBRIDGE, AB, Canada",61
"300 12A ST, LETHBRIDGE, AB, Canada",4
"300 12B ST, LETHBRIDGE, AB, Canada",48
"300 12C ST, LETHBRIDGE, AB, Canada",37
"300 13 ST, LETHBRIDGE, AB, Canada",121
"300 14 ST, LETHBRIDGE, AB, Canada",20
"300 15 ST, LETHBRIDGE, AB, Canada",9
"300 16 ST, LETHBRIDGE, AB, Canada",22
"300 17 ST, LETHBRIDGE, AB, Canada",42
"300 18 ST, LETHBRIDGE, AB, Canada",54
"300 19 ST, LETHBRIDGE, AB, Canada",30
"300 2 AV, LETHBRIDGE, AB, Canada",19
"300 20 ST, LETHBRIDGE, AB, Canada",17
"300 23 ST, LETHBRIDGE, AB, Canada",21
"300 24 ST, LETHBRIDGE, AB, Canada",13
"300 25 ST, LETHBRIDGE, AB, Canada",2
"300 26 ST, LETHBRIDGE, AB, Canada",7
"300 27 ST, LETHBRIDGE, AB, Canada",22
"300 28 ST, LETHBRIDGE, AB, Canada",4
"300 3 AV, LETHBRIDGE, AB, Canada",9
"300 3 ST, LETHBRIDGE, AB, Canada",46
"300 33 ST, LETHBRIDGE, AB, Canada",6
"300 34 ST, LETHBRIDGE, AB, Canada",1
"300 36 ST, LETHBRIDGE, AB, Canada",2
"300 4 AV, LETHBRIDGE, AB, Canada",1
"300 4 ST, LETHBRIDGE, AB, Canada",524
"300 5 AV, LETHBRIDGE, AB, Canada",1
"300 5 ST, LETHBRIDGE, AB, Canada",510
"300 6 ST, LETHBRIDGE, AB, Canada",117
"300 6A AV, LETHBRIDGE, AB, Canada",5
"300 7 AV, LETHBRIDGE, AB, Canada",18
"300 7 ST, LETHBRIDGE, AB, Canada",61
"300 7A AV, LETHBRIDGE, AB, Canada",64
"300 8 ST, LETHBRIDGE, AB, Canada",38
"300 ABERDEEN RD, LETHBRIDGE, AB, Canada",6
"300 AQUITANIA BD, LETHBRIDGE, AB, Canada",1
"300 ASSINIBOIA PL, LETHBRIDGE, AB, Canada",4
"300 BLUEFOX BD, LETHBRIDGE, AB, Canada",49
"300 BRIDGE DR, LETHBRIDGE, AB, Canada",3
"300 CALEDONIA BD, LETHBRIDGE, AB, Canada",2
"300 CANYON BD, LETHBRIDGE, AB, Canada",9
"300 CANYON MEADOWS RD, LETHBRIDGE, AB, Canada",1
"300 COACHWOOD PT, LETHBRIDGE, AB, Canada",4
"300 COALBANKS BD, LETHBRIDGE, AB, Canada",3
"300 COLLEGE DR, LETHBRIDGE, AB, Canada",1
"300 COLUMBIA BD, LETHBRIDGE, AB, Canada",13
"300 COUGAR WY, LETHBRIDGE, AB, Canada",4
"300 COULEECREEK CT, LETHBRIDGE, AB, Canada",7
"300 CROCUS TE, LETHBRIDGE, AB, Canada",9
"300 DIEPPE BD, LETHBRIDGE, AB, Canada",9
"300 ERMINEVIEW BY, LETHBRIDGE, AB, Canada",2
"300 FAIRMONT BD, LETHBRIDGE, AB, Canada",12
"300 FIRELIGHT CR, LETHBRIDGE, AB, Canada",1
"300 GRIZZLY CR, LETHBRIDGE, AB, Canada",8
"300 HERITAGE BD, LETHBRIDGE, AB, Canada",2
"300 HIGHLANDS BD, LETHBRIDGE, AB, Canada",55
"300 INDIAN BATTLE RD, LETHBRIDGE, AB, Canada",5
"300 JERRY POTTS BD, LETHBRIDGE, AB, Canada",5
"300 KEYSTONE LN, LETHBRIDGE, AB, Canada",6
"300 KINGS BY, LETHBRIDGE, AB, Canada",3
"300 KODIAK BD, LETHBRIDGE, AB, Canada",7
"300 LAVAL BD, LETHBRIDGE, AB, Canada",23
"300 LEASIDE AV, LETHBRIDGE, AB, Canada",12
"300 LETTICE PERRY RD, LETHBRIDGE, AB, Canada",40
"300 LYNX CR, LETHBRIDGE, AB, Canada",11
"300 MAYOR MAGRATH DR, LETHBRIDGE, AB, Canada",12
"300 MCMASTER BD, LETHBRIDGE, AB, Canada",14
"300 MILDRED DOBBS BD, LETHBRIDGE, AB, Canada",31
"300 MINERS CH, LETHBRIDGE, AB, Canada",1
"300 MOONLIGHT WY, LETHBRIDGE, AB, Canada",6
"300 MT CRANDELL CR, LETHBRIDGE, AB, Canada",27
"300 MT SUNBURST WY, LETHBRIDGE, AB, Canada",5
"300 MT SUNDANCE LD, LETHBRIDGE, AB, Canada",13
"300 MT SUNDIAL CT, LETHBRIDGE, AB, Canada",1
"300 NORTHLANDER BN, LETHBRIDGE, AB, Canada",5
"300 OJIBWA PL, LETHBRIDGE, AB, Canada",6
"300 ORTONA ST, LETHBRIDGE, AB, Canada",3
"300 PEIGAN CT, LETHBRIDGE, AB, Canada",3
"300 PRAIRIE GARDEN WY, LETHBRIDGE, AB, Canada",2
"300 RED CROW BD, LETHBRIDGE, AB, Canada",10
"300 RIVERGROVE CH, LETHBRIDGE, AB, Canada",4
"300 ROCKY MOUNTAIN BD, LETHBRIDGE, AB, Canada",19
"300 SANDSTONE PT, LETHBRIDGE, AB, Canada",2
"300 SCENIC DR, LETHBRIDGE, AB, Canada",82
"300 SILKSTONE CV, LETHBRIDGE, AB, Canada",1
"300 SIXMILE LN, LETHBRIDGE, AB, Canada",2
"300 SKEENA CR, LETHBRIDGE, AB, Canada",6
"300 SQUAMISH CT, LETHBRIDGE, AB, Canada",8
"300 STAFFORD DR, LETHBRIDGE, AB, Canada",159
"300 STONECREST PL, LETHBRIDGE, AB, Canada",4
"300 TARTAN CI, LETHBRIDGE, AB, Canada",12
"300 THYRZA BURKITT LK, LETHBRIDGE, AB, Canada",16
"300 TWINRIVER RD, LETHBRIDGE, AB, Canada",2
"300 UNIVERSITY DR, LETHBRIDGE, AB, Canada",76
"300 UPLANDS BD, LETHBRIDGE, AB, Canada",5
"3000 11 AV, LETHBRIDGE, AB, Canada",3
"3000 12 AV, LETHBRIDGE, AB, Canada",7
"3000 16 AV, LETHBRIDGE, AB, Canada",5
"3000 18 AV, LETHBRIDGE, AB, Canada",8
"3000 2 AV, LETHBRIDGE, AB, Canada",7
"3000 26 AV, LETHBRIDGE, AB, Canada",43
"3000 28 ST, LETHBRIDGE, AB, Canada",1
"3000 31 ST, LETHBRIDGE, AB, Canada",2
"3000 32 AV, LETHBRIDGE, AB, Canada",1
"3000 32 ST, LETHBRIDGE, AB, Canada",13
"3000 36 ST, LETHBRIDGE, AB, Canada",1
"3000 COLLEGE DR, LETHBRIDGE, AB, Canada",84
"3000 FAIRWAY ST, LETHBRIDGE, AB, Canada",2
"3000 PARKSIDE DR, LETHBRIDGE, AB, Canada",1
"3000 SOUTH PARKSIDE DR, LETHBRIDGE, AB, Canada",5
"3100 1 AV, LETHBRIDGE, AB, Canada",1
"3100 10A AV, LETHBRIDGE, AB, Canada",3
"3100 12 AV, LETHBRIDGE, AB, Canada",1
"3100 2 AV, LETHBRIDGE, AB, Canada",6
"3100 24 AV, LETHBRIDGE, AB, Canada",2
"3100 26 AV, LETHBRIDGE, AB, Canada",122
"3100 31 ST, LETHBRIDGE, AB, Canada",2
"3100 32 ST, LETHBRIDGE, AB, Canada",3
"3100 43 ST, LETHBRIDGE, AB, Canada",2
"3100 5 AV, LETHBRIDGE, AB, Canada",4
"3100 6 AV, LETHBRIDGE, AB, Canada",10
"3100 9 AV, LETHBRIDGE, AB, Canada",3
"3100 FAIRWAY ST, LETHBRIDGE, AB, Canada",38
"3100 PARKSIDE DR, LETHBRIDGE, AB, Canada",12
"3100 SOUTH PARKSIDE DR, LETHBRIDGE, AB, Canada",2
"3200 1 AV, LETHBRIDGE, AB, Canada",9
"3200 16 AV, LETHBRIDGE, AB, Canada",2
"3200 18 AV, LETHBRIDGE, AB, Canada",1
"3200 2 AV, LETHBRIDGE, AB, Canada",9
"3200 20 AV, LETHBRIDGE, AB, Canada",189
"3200 23 AV, LETHBRIDGE, AB, Canada",15
"3200 28 ST, LETHBRIDGE, AB, Canada",4
"3200 29 ST, LETHBRIDGE, AB, Canada",1
"3200 32 AV, LETHBRIDGE, AB, Canada",2
"3200 44 ST, LETHBRIDGE, AB, Canada",1
"3200 5 AV, LETHBRIDGE, AB, Canada",16
"3200 FAIRWAY PLAZA RD, LETHBRIDGE, AB, Canada",19
"3200 FAIRWAY ST, LETHBRIDGE, AB, Canada",4
"3200 LAKERIDGE BD, LETHBRIDGE, AB, Canada",2
"3200 LAKESIDE RD, LETHBRIDGE, AB, Canada",4
"3200 MAYOR MAGRATH DR, LETHBRIDGE, AB, Canada",55
"3300 1 AV, LETHBRIDGE, AB, Canada",10
"3300 18 AV, LETHBRIDGE, AB, Canada",5
"3300 2 AV, LETHBRIDGE, AB, Canada",2
"3300 20 AV, LETHBRIDGE, AB, Canada",13
"3300 23 AV, LETHBRIDGE, AB, Canada",19
"3300 28 ST, LETHBRIDGE, AB, Canada",1
"3300 3 AV, LETHBRIDGE, AB, Canada",3
"3300 32 AV, LETHBRIDGE, AB, Canada",1
"3300 5 AV, LETHBRIDGE, AB, Canada",2
"3300 5A AV, LETHBRIDGE, AB, Canada",5
"3300 6 AV, LETHBRIDGE, AB, Canada",3
"3300 9 AV, LETHBRIDGE, AB, Canada",1
"3300 BEAUVAIS PL, LETHBRIDGE, AB, Canada",2
"3300 KEHO PL, LETHBRIDGE, AB, Canada",1
"3300 LAKERIDGE BD, LETHBRIDGE, AB, Canada",3
"3300 LAKEWOOD RD, LETHBRIDGE, AB, Canada",3
"3300 SPRUCE DR, LETHBRIDGE, AB, Canada",28
"3400 16 AV, LETHBRIDGE, AB, Canada",3
"3400 2 AV, LETHBRIDGE, AB, Canada",11
"3400 20 AV, LETHBRIDGE, AB, Canada",42
"3400 23 AV, LETHBRIDGE, AB, Canada",24
"3400 24 AV, LETHBRIDGE, AB, Canada",1
"3400 4 AV, LETHBRIDGE, AB, Canada",14
"3400 FAIRWAY PLAZA RD, LETHBRIDGE, AB, Canada",16
"3400 LAKEWOOD RD, LETHBRIDGE, AB, Canada",2
"3400 PARKSIDE DR, LETHBRIDGE, AB, Canada",53
"3400 SPRUCE DR, LETHBRIDGE, AB, Canada",16
"3400 SYLVAN RD, LETHBRIDGE, AB, Canada",2
"3500 10A AV, LETHBRIDGE, AB, Canada",2
"3500 2 AV, LETHBRIDGE, AB, Canada",3
"3500 20 AV, LETHBRIDGE, AB, Canada",39
"3500 21 AV, LETHBRIDGE, AB, Canada",15
"3500 23 AV, LETHBRIDGE, AB, Canada",1
"3500 30 ST, LETHBRIDGE, AB, Canada",5
"3500 32 AV, LETHBRIDGE, AB, Canada",3
"3500 6 AV, LETHBRIDGE, AB, Canada",1
"3500 9 AV, LETHBRIDGE, AB, Canada",2
"3500 FORESTRY AV, LETHBRIDGE, AB, Canada",12
"3500 GIFFEN RD, LETHBRIDGE, AB, Canada",4
"3500 LAKEWOOD RD, LETHBRIDGE, AB, Canada",3
"3500 MAYOR MAGRATH DR, LETHBRIDGE, AB, Canada",260
"3500 SOUTH PARKSIDE DR, LETHBRIDGE, AB, Canada",2
"3500 SPRUCE DR, LETHBRIDGE, AB, Canada",3
"3500 SYLVAN RD, LETHBRIDGE, AB, Canada",39
"3500 UNIVERSITY DR, LETHBRIDGE, AB, Canada",2
"3600 1 AV, LETHBRIDGE, AB, Canada",2
"3600 14 AV, LETHBRIDGE, AB, Canada",8
"3600 18 AV, LETHBRIDGE, AB, Canada",6
"3600 2 AV, LETHBRIDGE, AB, Canada",2
"3600 20 AV, LETHBRIDGE, AB, Canada",7
"3600 22 AV, LETHBRIDGE, AB, Canada",2
"3600 23 AV, LETHBRIDGE, AB, Canada",12
"3600 30 ST, LETHBRIDGE, AB, Canada",2
"3600 4 AV, LETHBRIDGE, AB, Canada",1
"3600 5 AV, LETHBRIDGE, AB, Canada",8
"3600 6 AV, LETHBRIDGE, AB, Canada",1
"3600 8 AV, LETHBRIDGE, AB, Canada",2
"3600 9 AV, LETHBRIDGE, AB, Canada",7
"3600 FORESTRY AV, LETHBRIDGE, AB, Canada",3
"3600 SOUTH PARKSIDE DR, LETHBRIDGE, AB, Canada",1
"3600 SPRUCE DR, LETHBRIDGE, AB, Canada",10
"3700 18 AV, LETHBRIDGE, AB, Canada",2
"3700 2 AV, LETHBRIDGE, AB, Canada",115
"3700 20 AV, LETHBRIDGE, AB, Canada",41
"3700 23 AV, LETHBRIDGE, AB, Canada",2
"3700 32 ST, LETHBRIDGE, AB, Canada",2
"3700 6 AV, LETHBRIDGE, AB, Canada",1
"3700 9 AV, LETHBRIDGE, AB, Canada",3
"3700 FORESTRY AV, LETHBRIDGE, AB, Canada",1
"3700 MAYOR MAGRATH DR, LETHBRIDGE, AB, Canada",301
"3700 OAK DR, LETHBRIDGE, AB, Canada",4
"3700 REDWOOD RD, LETHBRIDGE, AB, Canada",12
"3700 SOUTH PARKSIDE DR, LETHBRIDGE, AB, Canada",4
"3800 14 AV, LETHBRIDGE, AB, Canada",1
"3800 20 AV, LETHBRIDGE, AB, Canada",5
"3800 28 ST, LETHBRIDGE, AB, Canada",1
"3800 6 AV, LETHBRIDGE, AB, Canada",16
"3800 FORESTRY AV, LETHBRIDGE, AB, Canada",2
"3800 GLACIER AV, LETHBRIDGE, AB, Canada",4
"3800 MAYOR MAGRATH DR, LETHBRIDGE, AB, Canada",11
"3800 OAK DR, LETHBRIDGE, AB, Canada",2
"3800 PEBBLE PL, LETHBRIDGE, AB, Canada",3
"3800 PINE CR, LETHBRIDGE, AB, Canada",2
"3800 UNIVERSITY DR, LETHBRIDGE, AB, Canada",1
"3900 1 AV, LETHBRIDGE, AB, Canada",9
"3900 2 AV, LETHBRIDGE, AB, Canada",3
"3900 23 AV, LETHBRIDGE, AB, Canada",12
"3900 43 ST, LETHBRIDGE, AB, Canada",1
"3900 5 AV, LETHBRIDGE, AB, Canada",1
"3900 9 AV, LETHBRIDGE, AB, Canada",3
"3900 GLACIER AV, LETHBRIDGE, AB, Canada",5
"3900 NIPIGON RD, LETHBRIDGE, AB, Canada",6
"3900 SOUTH PARKSIDE DR, LETHBRIDGE, AB, Canada",3
"3900 UNIVERSITY DR, LETHBRIDGE, AB, Canada",1
"400 1 AV, LETHBRIDGE, AB, Canada",18
"400 10 ST, LETHBRIDGE, AB, Canada",53
"400 11 ST, LETHBRIDGE, AB, Canada",32
"400 12 AV, LETHBRIDGE, AB, Canada",1
"400 12 ST, LETHBRIDGE, AB, Canada",112
"400 12A ST, LETHBRIDGE, AB, Canada",14
"400 12B ST, LETHBRIDGE, AB, Canada",11
"400 12C ST, LETHBRIDGE, AB, Canada",25
"400 13 ST, LETHBRIDGE, AB, Canada",252
"400 14 ST, LETHBRIDGE, AB, Canada",36
"400 15 ST, LETHBRIDGE, AB, Canada",9
"400 16 ST, LETHBRIDGE, AB, Canada",27
"400 18 ST, LETHBRIDGE, AB, Canada",150
"400 19 ST, LETHBRIDGE, AB, Canada",25
"400 2 AV, LETHBRIDGE, AB, Canada",25
"400 20 ST, LETHBRIDGE, AB, Canada",59
"400 21 ST, LETHBRIDGE, AB, Canada",2
"400 21A ST, LETHBRIDGE, AB, Canada",13
"400 23 ST, LETHBRIDGE, AB, Canada",5
"400 24 ST, LETHBRIDGE, AB, Canada",1
"400 25 ST, LETHBRIDGE, AB, Canada",8
"400 26 ST, LETHBRIDGE, AB, Canada",1
"400 27 ST, LETHBRIDGE, AB, Canada",6
"400 28 ST, LETHBRIDGE, AB, Canada",12
"400 3 AV, LETHBRIDGE, AB, Canada",7
"400 31 ST, LETHBRIDGE, AB, Canada",14
"400 33 ST, LETHBRIDGE, AB, Canada",5
"400 34 ST, LETHBRIDGE, AB, Canada",12
"400 39 ST, LETHBRIDGE, AB, Canada",17
"400 4 AV, LETHBRIDGE, AB, Canada",33
"400 40 AV, LETHBRIDGE, AB, Canada",1
"400 40 ST, LETHBRIDGE, AB, Canada",6
"400 41 ST, LETHBRIDGE, AB, Canada",8
"400 5 AV, LETHBRIDGE, AB, Canada",12
"400 5 ST, LETHBRIDGE, AB, Canada",180
"400 5, LETHBRIDGE, AB, Canada",1
"400 6 AV, LETHBRIDGE, AB, Canada",175
"400 6 ST, LETHBRIDGE, AB, Canada",69
"400 7 AV, LETHBRIDGE, AB, Canada",5
"400 7 ST, LETHBRIDGE, AB, Canada",36
"400 8 ST, LETHBRIDGE, AB, Canada",83
"400 8A AV, LETHBRIDGE, AB, Canada",2
"400 AQUITANIA BD, LETHBRIDGE, AB, Canada",19
"400 ARBOURWOOD TE, LETHBRIDGE, AB, Canada",4
"400 BLACKFOOT MN, LETHBRIDGE, AB, Canada",18
"400 BLACKWOLF BD, LETHBRIDGE, AB, Canada",39
"400 BLUEBELL LN, LETHBRIDGE, AB, Canada",2
"400 CALEDONIA BD, LETHBRIDGE, AB, Canada",2
"400 CANYON BD, LETHBRIDGE, AB, Canada",6
"400 CANYON RIDGE CI, LETHBRIDGE, AB, Canada",5
"400 COLUMBIA BD, LETHBRIDGE, AB, Canada",118
"400 COULEE SPRINGS RD, LETHBRIDGE, AB, Canada",1
"400 COULEECREEK BD, LETHBRIDGE, AB, Canada",14
"400 COULEESPRINGS RD, LETHBRIDGE, AB, Canada",4
"400 DEVONIA WY, LETHBRIDGE, AB, Canada",3
"400 DIEPPE BD, LETHBRIDGE, AB, Canada",5
"400 EDINBURGH RD, LETHBRIDGE, AB, Canada",3
"400 FAIRMONT BD, LETHBRIDGE, AB, Canada",3
"400 FIRELIGHT PT, LETHBRIDGE, AB, Canada",5
"400 GATEWAY CR, LETHBRIDGE, AB, Canada",7
"400 HARU MORIYAMA PL, LETHBRIDGE, AB, Canada",1
"400 HIGHLANDS BD, LETHBRIDGE, AB, Canada",77
"400 KEYSTONE CH, LETHBRIDGE, AB, Canada",8
"400 LAVAL BD, LETHBRIDGE, AB, Canada",28
"400 LEASIDE AV, LETHBRIDGE, AB, Canada",7
"400 LETTICE PERRY RD, LETHBRIDGE, AB, Canada",20
"400 LYNX CR, LETHBRIDGE, AB, Canada",5
"400 LYNX TE, LETHBRIDGE, AB, Canada",13
"400 MARY CAMERON CR, LETHBRIDGE, AB, Canada",9
"400 MAYOR MAGRATH DR, LETHBRIDGE, AB, Canada",432
"400 MCMASTER BD, LETHBRIDGE, AB, Canada",16
"400 MEADOWLARK DR, LETHBRIDGE, AB, Canada",1
"400 MILDRED DOBBS BD, LETHBRIDGE, AB, Canada",2
"400 MINERS CH, LETHBRIDGE, AB, Canada",2
"400 MOONLIGHT WY, LETHBRIDGE, AB, Canada",13
"400 MT SUNBURST CR, LETHBRIDGE, AB, Canada",7
"400 MT SUNDANCE LD, LETHBRIDGE, AB, Canada",8
"400 NORMANDY RD, LETHBRIDGE, AB, Canada",2
"400 RED CROW BD, LETHBRIDGE, AB, Canada",15
"400 RIVERGROVE CH, LETHBRIDGE, AB, Canada",1
"400 SCENIC DR, LETHBRIDGE, AB, Canada",89
"400 SHERWOOD PL, LETHBRIDGE, AB, Canada",1
"400 SILKSTONE CR, LETHBRIDGE, AB, Canada",1
"400 SIXMILE CV, LETHBRIDGE, AB, Canada",3
"400 SKEENA CR, LETHBRIDGE, AB, Canada",23
"400 SQUAMISH LANE, LETHBRIDGE, AB, Canada",1
"400 SQUAMISH LN, LETHBRIDGE, AB, Canada",37
"400 STAFFORD BY, LETHBRIDGE, AB, Canada",2
"400 STAFFORD DR, LETHBRIDGE, AB, Canada",385
"400 STONECREST TE, LETHBRIDGE, AB, Canada",4
"400 THYRZA BURKITT LK, LETHBRIDGE, AB, Canada",1
"400 TWINRIVER RD, LETHBRIDGE, AB, Canada",6
"400 W T HILL BD, LETHBRIDGE, AB, Canada",7
"4000 10 ST, LETHBRIDGE, AB, Canada",3
"4000 18 AV, LETHBRIDGE, AB, Canada",2
"4000 2 AV, LETHBRIDGE, AB, Canada",34
"4000 20 AV, LETHBRIDGE, AB, Canada",2
"4000 21 AV, LETHBRIDGE, AB, Canada",2
"4000 24 AV, LETHBRIDGE, AB, Canada",5
"4000 26 AV, LETHBRIDGE, AB, Canada",1
"4000 4 AV, LETHBRIDGE, AB, Canada",19
"4000 7 AV, LETHBRIDGE, AB, Canada",2
"4000 9 AV, LETHBRIDGE, AB, Canada",2
"4000 CAVENDISH RD, LETHBRIDGE, AB, Canada",2
"4000 GLACIER AV, LETHBRIDGE, AB, Canada",7
"4000 MAYOR MAGRATH DR, LETHBRIDGE, AB, Canada",9
"4000 NIPIGON RD, LETHBRIDGE, AB, Canada",11
"4000 SOUTH PARKSIDE DR, LETHBRIDGE, AB, Canada",2
"4100 1 AV, LETHBRIDGE, AB, Canada",7
"4100 11 ST, LETHBRIDGE, AB, Canada",1
"4100 18 AV, LETHBRIDGE, AB, Canada",1
"4100 20 AV, LETHBRIDGE, AB, Canada",12
"4100 21 AV, LETHBRIDGE, AB, Canada",10
"4100 22 AV, LETHBRIDGE, AB, Canada",3
"4100 4 AV, LETHBRIDGE, AB, Canada",24
"4100 6 AV, LETHBRIDGE, AB, Canada",11
"4100 9 AV, LETHBRIDGE, AB, Canada",5
"4100 FORESTRY AV, LETHBRIDGE, AB, Canada",1
"4200 20 AV, LETHBRIDGE, AB, Canada",1
"4200 21 AV, LETHBRIDGE, AB, Canada",7
"4300 1 AV, LETHBRIDGE, AB, Canada",2
"4300 11 ST, LETHBRIDGE, AB, Canada",2
"4300 12 ST, LETHBRIDGE, AB, Canada",2
"4300 13 ST, LETHBRIDGE, AB, Canada",6
"4300 24 AV, LETHBRIDGE, AB, Canada",2
"4300 3 AV, LETHBRIDGE, AB, Canada",1
"4300 32 ST, LETHBRIDGE, AB, Canada",2
"4300 4 AV, LETHBRIDGE, AB, Canada",3
"4300 FAIRMONT GT, LETHBRIDGE, AB, Canada",7
"4400 10 ST, LETHBRIDGE, AB, Canada",2
"4400 31 AVE, LETHBRIDGE, AB, Canada",1
"4400 43 ST, LETHBRIDGE, AB, Canada",1
"4400 58 ST, LETHBRIDGE, AB, Canada",2
"4400 FAIRMONT GT, LETHBRIDGE, AB, Canada",1
"4400 UNIVERSITY DR, LETHBRIDGE, AB, Canada",81
"4500 10 ST, LETHBRIDGE, AB, Canada",1
"4500 25 AV, LETHBRIDGE, AB, Canada",1
"4500 28 AV, LETHBRIDGE, AB, Canada",25
"4500 40 AV, LETHBRIDGE, AB, Canada",2
"4500 FAIRMONT GT, LETHBRIDGE, AB, Canada",19
"4600 24 AV, LETHBRIDGE, AB, Canada",4
"4600 26 AV, LETHBRIDGE, AB, Canada",2
"4600 31 AV, LETHBRIDGE, AB, Canada",1
"500 1 AV, LETHBRIDGE, AB, Canada",864
"500 1 ST, LETHBRIDGE, AB, Canada",170
"500 10 ST, LETHBRIDGE, AB, Canada",19
"500 11 ST, LETHBRIDGE, AB, Canada",318
"500 12 ST, LETHBRIDGE, AB, Canada",59
"500 12A ST, LETHBRIDGE, AB, Canada",15
"500 12B ST, LETHBRIDGE, AB, Canada",11
"500 12C ST, LETHBRIDGE, AB, Canada",22
"500 13 ST, LETHBRIDGE, AB, Canada",519
"500 14 ST, LETHBRIDGE, AB, Canada",17
"500 15 ST, LETHBRIDGE, AB, Canada",31
"500 16 ST, LETHBRIDGE, AB, Canada",50
"500 17 ST, LETHBRIDGE, AB, Canada",8
"500 18 ST, LETHBRIDGE, AB, Canada",8
"500 19 ST, LETHBRIDGE, AB, Canada",17
"500 1ST AV, LETHBRIDGE, AB, Canada",1
"500 20 ST, LETHBRIDGE, AB, Canada",44
"500 21 ST, LETHBRIDGE, AB, Canada",34
"500 23 ST, LETHBRIDGE, AB, Canada",29
"500 24 ST, LETHBRIDGE, AB, Canada",16
"500 25 ST, LETHBRIDGE, AB, Canada",6
"500 26 ST, LETHBRIDGE, AB, Canada",17
"500 27 ST, LETHBRIDGE, AB, Canada",4
"500 28 ST, LETHBRIDGE, AB, Canada",9
"500 3 AV, LETHBRIDGE, AB, Canada",22
"500 33 ST, LETHBRIDGE, AB, Canada",12
"500 36 ST, LETHBRIDGE, AB, Canada",3
"500 4 AV, LETHBRIDGE, AB, Canada",38
"500 4 ST, LETHBRIDGE, AB, Canada",42
"500 40 ST, LETHBRIDGE, AB, Canada",5
"500 41 ST, LETHBRIDGE, AB, Canada",5
"500 5 AV, LETHBRIDGE, AB, Canada",36
"500 5 ST, LETHBRIDGE, AB, Canada",132
"500 6 AV, LETHBRIDGE, AB, Canada",349
"500 6 ST, LETHBRIDGE, AB, Canada",265
"500 6TH AV, LETHBRIDGE, AB, Canada",1
"500 7 AV, LETHBRIDGE, AB, Canada",7
"500 7 ST, LETHBRIDGE, AB, Canada",275
"500 8 AV, LETHBRIDGE, AB, Canada",22
"500 8 ST, LETHBRIDGE, AB, Canada",250
"500 9 AV, LETHBRIDGE, AB, Canada",44
"500 AQUITANIA BD, LETHBRIDGE, AB, Canada",6
"500 ARBOURWOOD TE, LETHBRIDGE, AB, Canada",1
"500 BLACKFOOT MN, LETHBRIDGE, AB, Canada",8
"500 BLACKWOLF BD, LETHBRIDGE, AB, Canada",6
"500 CABOT LD, LETHBRIDGE, AB, Canada",28
"500 CANYON CV, LETHBRIDGE, AB, Canada",7
"500 COLUMBIA BD, LETHBRIDGE, AB, Canada",43
"500 COULEESPRINGS CR, LETHBRIDGE, AB, Canada",12
"500 DEVONIA RD, LETHBRIDGE, AB, Canada",24
"500 DIEPPE BD, LETHBRIDGE, AB, Canada",4
"500 EDINBURGH RD, LETHBRIDGE, AB, Canada",8
"500 EDITH EMMA COE RD, LETHBRIDGE, AB, Canada",3
"500 FAIRMONT BD, LETHBRIDGE, AB, Canada",2
"500 FIRELIGHT PL, LETHBRIDGE, AB, Canada",8
"500 GATEWAY CR, LETHBRIDGE, AB, Canada",4
"500 GREYWOLF CV, LETHBRIDGE, AB, Canada",3
"500 HERITAGE BD, LETHBRIDGE, AB, Canada",7
"500 HIGHLANDS BD, LETHBRIDGE, AB, Canada",25
"500 KEYSTONE CH, LETHBRIDGE, AB, Canada",3
"500 LEASIDE AV, LETHBRIDGE, AB, Canada",12
"500 LYNX CR, LETHBRIDGE, AB, Canada",2
"500 LYNX TE, LETHBRIDGE, AB, Canada",3
"500 MARGARET SUTHERLAND CR, LETHBRIDGE, AB, Canada",10
"500 MARY CAMERON CR, LETHBRIDGE, AB, Canada",13
"500 MAYOR MAGRATH DR, LETHBRIDGE, AB, Canada",102
"500 MCKILLOP PL, LETHBRIDGE, AB, Canada",5
"500 MOONLIGHT LN, LETHBRIDGE, AB, Canada",13
"500 NORMANDY RD, LETHBRIDGE, AB, Canada",11
"500 RED CROW BD, LETHBRIDGE, AB, Canada",6
"500 RIVERHILLS WY, LETHBRIDGE, AB, Canada",9
"500 SIXMILE CR, LETHBRIDGE, AB, Canada",6
"500 SQUAMISH LN, LETHBRIDGE, AB, Canada",10
"500 STAFFORD DR, LETHBRIDGE, AB, Canada",145
"500 SUNRIDGE CR, LETHBRIDGE, AB, Canada",6
"500 TWINRIVER RD, LETHBRIDGE, AB, Canada",7
"500 UNIVERSITY DR, LETHBRIDGE, AB, Canada",182
"500 W T HILL BD, LETHBRIDGE, AB, Canada",12
"5100 24 AV, LETHBRIDGE, AB, Canada",5
"5200 24 AV, LETHBRIDGE, AB, Canada",4
"5200 3, LETHBRIDGE, AB, Canada",1
"5400 13 ST, LETHBRIDGE, AB, Canada",1
"5400 24 AV, LETHBRIDGE, AB, Canada",1
"5500 43 ST, LETHBRIDGE, AB, Canada",2
"5600 13 ST, LETHBRIDGE, AB, Canada",2
"5600 24 AV, LETHBRIDGE, AB, Canada",4
"5800 1 AV, LETHBRIDGE, AB, Canada",1
"5800 10 ST, LETHBRIDGE, AB, Canada",10
"600 10 ST, LETHBRIDGE, AB, Canada",29
"600 11 ST, LETHBRIDGE, AB, Canada",49
"600 12 ST, LETHBRIDGE, AB, Canada",37
"600 12A ST, LETHBRIDGE, AB, Canada",12
"600 12B ST, LETHBRIDGE, AB, Canada",18
"600 12C ST, LETHBRIDGE, AB, Canada",11
"600 13 ST, LETHBRIDGE, AB, Canada",82
"600 14 ST, LETHBRIDGE, AB, Canada",37
"600 14A ST, LETHBRIDGE, AB, Canada",4
"600 15 ST, LETHBRIDGE, AB, Canada",8
"600 16 ST, LETHBRIDGE, AB, Canada",11
"600 17 ST, LETHBRIDGE, AB, Canada",6
"600 18 ST, LETHBRIDGE, AB, Canada",17
"600 19 ST, LETHBRIDGE, AB, Canada",7
"600 20 ST, LETHBRIDGE, AB, Canada",11
"600 21 ST, LETHBRIDGE, AB, Canada",36
"600 22 ST, LETHBRIDGE, AB, Canada",13
"600 23 ST, LETHBRIDGE, AB, Canada",1
"600 24 ST, LETHBRIDGE, AB, Canada",2
"600 25 ST, LETHBRIDGE, AB, Canada",8
"600 27 ST, LETHBRIDGE, AB, Canada",17
"600 28 ST, LETHBRIDGE, AB, Canada",2
"600 28A ST, LETHBRIDGE, AB, Canada",2
"600 29 ST, LETHBRIDGE, AB, Canada",1
"600 3 AV, LETHBRIDGE, AB, Canada",631
"600 30 ST, LETHBRIDGE, AB, Canada",13
"600 31 ST, LETHBRIDGE, AB, Canada",3
"600 34 ST, LETHBRIDGE, AB, Canada",2
"600 36 ST, LETHBRIDGE, AB, Canada",4
"600 4 AV, LETHBRIDGE, AB, Canada",162
"600 4 ST, LETHBRIDGE, AB, Canada",26
"600 40 AV, LETHBRIDGE, AB, Canada",2
"600 43 ST, LETHBRIDGE, AB, Canada",1
"600 5 AV, LETHBRIDGE, AB, Canada",15
"600 5 ST, LETHBRIDGE, AB, Canada",29
"600 6 AV, LETHBRIDGE, AB, Canada",38
"600 6 ST, LETHBRIDGE, AB, Canada",44
"600 7 AV, LETHBRIDGE, AB, Canada",166
"600 7 ST, LETHBRIDGE, AB, Canada",24
"600 8 AV, LETHBRIDGE, AB, Canada",16
"600 8 ST, LETHBRIDGE, AB, Canada",832
"600 9 AV, LETHBRIDGE, AB, Canada",12
"600 9 ST, LETHBRIDGE, AB, Canada",28
"600 ABERDEEN CR, LETHBRIDGE, AB, Canada",14
"600 AQUITANIA BD, LETHBRIDGE, AB, Canada",16
"600 BLACKFOOT TE, LETHBRIDGE, AB, Canada",10
"600 BLUEBELL BY, LETHBRIDGE, AB, Canada",2
"600 CANYONVIEW LD, LETHBRIDGE, AB, Canada",4
"600 COLUMBIA BD, LETHBRIDGE, AB, Canada",113
"600 COULEECREEK PL, LETHBRIDGE, AB, Canada",2
"600 DEVONIA RD, LETHBRIDGE, AB, Canada",1
"600 FLORENCE HO LEONG CR, LETHBRIDGE, AB, Canada",27
"600 HERITAGE BD, LETHBRIDGE, AB, Canada",21
"600 KEYSTONE CH, LETHBRIDGE, AB, Canada",2
"600 LYNX BY, LETHBRIDGE, AB, Canada",1
"600 MARGARET SUTHERLAND CR, LETHBRIDGE, AB, Canada",6
"600 MARIE VAN HAARLEM CR, LETHBRIDGE, AB, Canada",4
"600 MAYOR MAGRATH DR, LETHBRIDGE, AB, Canada",32
"600 MOONLIGHT LN, LETHBRIDGE, AB, Canada",8
"600 MT SUNDANCE BY, LETHBRIDGE, AB, Canada",1
"600 RED CROW BD, LETHBRIDGE, AB, Canada",42
"600 SILKSTONE PT, LETHBRIDGE, AB, Canada",10
"600 SIXMILE CR, LETHBRIDGE, AB, Canada",1
"600 SQUAMISH LN, LETHBRIDGE, AB, Canada",7
"600 STAFFORD DR, LETHBRIDGE, AB, Canada",35
"600 TWINRIVER CR, LETHBRIDGE, AB, Canada",21
"600 W T HILL BD, LETHBRIDGE, AB, Canada",7
"700 1 AV, LETHBRIDGE, AB, Canada",191
"700 10 ST, LETHBRIDGE, AB, Canada",24
"700 11 AV, LETHBRIDGE, AB, Canada",3
"700 11 ST, LETHBRIDGE, AB, Canada",3
"700 12 ST, LETHBRIDGE, AB, Canada",30
"700 12A ST, LETHBRIDGE, AB, Canada",15
"700 12B ST, LETHBRIDGE, AB, Canada",77
"700 12C ST, LETHBRIDGE, AB, Canada",17
"700 13 ST, LETHBRIDGE, AB, Canada",43
"700 14 ST, LETHBRIDGE, AB, Canada",21
"700 15 ST, LETHBRIDGE, AB, Canada",24
"700 16 ST, LETHBRIDGE, AB, Canada",4
"700 17 ST, LETHBRIDGE, AB, Canada",31
"700 18 ST, LETHBRIDGE, AB, Canada",19
"700 18A ST, LETHBRIDGE, AB, Canada",2
"700 19 ST, LETHBRIDGE, AB, Canada",23
"700 2 AV, LETHBRIDGE, AB, Canada",14
"700 20 ST, LETHBRIDGE, AB, Canada",18
"700 21 ST, LETHBRIDGE, AB, Canada",2
"700 22 ST, LETHBRIDGE, AB, Canada",2
"700 23 ST, LETHBRIDGE, AB, Canada",33
"700 24 ST, LETHBRIDGE, AB, Canada",2
"700 27 ST, LETHBRIDGE, AB, Canada",14
"700 29 ST, LETHBRIDGE, AB, Canada",7
"700 2A AV, LETHBRIDGE, AB, Canada",78
"700 3 AV, LETHBRIDGE, AB, Canada",9
"700 3 ST, LETHBRIDGE, AB, Canada",7
"700 30 ST, LETHBRIDGE, AB, Canada",6
"700 32 ST, LETHBRIDGE, AB, Canada",2
"700 4 AV, LETHBRIDGE, AB, Canada",187
"700 4 ST, LETHBRIDGE, AB, Canada",31
"700 5 AV, LETHBRIDGE, AB, Canada",716
"700 5 ST, LETHBRIDGE, AB, Canada",309
"700 6 AV, LETHBRIDGE, AB, Canada",450
"700 6 ST, LETHBRIDGE, AB, Canada",28
"700 7 AV, LETHBRIDGE, AB, Canada",61
"700 7 ST, LETHBRIDGE, AB, Canada",14
"700 8 AV, LETHBRIDGE, AB, Canada",19
"700 8 ST, LETHBRIDGE, AB, Canada",12
"700 9 AV, LETHBRIDGE, AB, Canada",8
"700 9 ST, LETHBRIDGE, AB, Canada",6
"700 ABERDEEN CR, LETHBRIDGE, AB, Canada",14
"700 BLACKFOOT TE, LETHBRIDGE, AB, Canada",17
"700 CANYONVIEW CL, LETHBRIDGE, AB, Canada",7
"700 COALBROOK CL, LETHBRIDGE, AB, Canada",3
"700 COLUMBIA BD, LETHBRIDGE, AB, Canada",44
"700 FLORENCE HO LEONG CR, LETHBRIDGE, AB, Canada",17
"700 GREYWOLF RU, LETHBRIDGE, AB, Canada",7
"700 HERITAGE BD, LETHBRIDGE, AB, Canada",53
"700 LILLIAN PARRY PL, LETHBRIDGE, AB, Canada",14
"700 LYNX LD, LETHBRIDGE, AB, Canada",2
"700 MARIE VAN HAARLEM CR, LETHBRIDGE, AB, Canada",6
"700 MT SUNDANCE LN, LETHBRIDGE, AB, Canada",21
"700 RED CROW BD, LETHBRIDGE, AB, Canada",5
"700 SILKSTONE CL, LETHBRIDGE, AB, Canada",24
"700 SIXMILE CR, LETHBRIDGE, AB, Canada",3
"700 SOUTHGATE BD, LETHBRIDGE, AB, Canada",10
"700 STAFFORD AV, LETHBRIDGE, AB, Canada",1
"700 STAFFORD DR, LETHBRIDGE, AB, Canada",19
"700 TWINRIVER LP, LETHBRIDGE, AB, Canada",3
"800 1 AV, LETHBRIDGE, AB, Canada",40
"800 10 ST, LETHBRIDGE, AB, Canada",7
"800 11 AV, LETHBRIDGE, AB, Canada",3
"800 11 ST, LETHBRIDGE, AB, Canada",32
"800 12 ST, LETHBRIDGE, AB, Canada",46
"800 12A ST, LETHBRIDGE, AB, Canada",38
"800 12B ST, LETHBRIDGE, AB, Canada",21
"800 12C ST, LETHBRIDGE, AB, Canada",8
"800 13 ST, LETHBRIDGE, AB, Canada",22
"800 14 AV, LETHBRIDGE, AB, Canada",1
"800 14 ST, LETHBRIDGE, AB, Canada",7
"800 15 ST, LETHBRIDGE, AB, Canada",14
"800 16 ST, LETHBRIDGE, AB, Canada",4
"800 17 ST, LETHBRIDGE, AB, Canada",4
"800 18 ST, LETHBRIDGE, AB, Canada",41
"800 19 ST, LETHBRIDGE, AB, Canada",18
"800 2 AV, LETHBRIDGE, AB, Canada",33
"800 20 ST, LETHBRIDGE, AB, Canada",215
"800 21 ST, LETHBRIDGE, AB, Canada",19
"800 22 ST, LETHBRIDGE, AB, Canada",1
"800 23 ST, LETHBRIDGE, AB, Canada",18
"800 2A AV, LETHBRIDGE, AB, Canada",1361
"800 3 AV, LETHBRIDGE, AB, Canada",300
"800 3 ST, LETHBRIDGE, AB, Canada",5
"800 36 ST, LETHBRIDGE, AB, Canada",1
"800 4 AV, LETHBRIDGE, AB, Canada",47
"800 4 ST, LETHBRIDGE, AB, Canada",49
"800 5 AV, LETHBRIDGE, AB, Canada",925
"800 5 ST, LETHBRIDGE, AB, Canada",34
"800 6 AV, LETHBRIDGE, AB, Canada",39
"800 6 ST, LETHBRIDGE, AB, Canada",18
"800 7 AV, LETHBRIDGE, AB, Canada",13
"800 7 ST, LETHBRIDGE, AB, Canada",25
"800 7A AV, LETHBRIDGE, AB, Canada",8
"800 8 AV, LETHBRIDGE, AB, Canada",27
"800 8 ST, LETHBRIDGE, AB, Canada",45
"800 9 AV, LETHBRIDGE, AB, Canada",16
"800 9 ST, LETHBRIDGE, AB, Canada",11
"800 ATLANTIC CV, LETHBRIDGE, AB, Canada",4
"800 BLACKFOOT TE, LETHBRIDGE, AB, Canada",6
"800 CANYONVIEW CL, LETHBRIDGE, AB, Canada",1
"800 COALBROOK CL, LETHBRIDGE, AB, Canada",3
"800 COLUMBIA BD, LETHBRIDGE, AB, Canada",26
"800 DEVONIA RD, LETHBRIDGE, AB, Canada",1
"800 GREYWOLF RU, LETHBRIDGE, AB, Canada",15
"800 HERITAGE BD, LETHBRIDGE, AB, Canada",23
"800 JESSIE MCLEAY RD, LETHBRIDGE, AB, Canada",4
"800 KODIAK BY, LETHBRIDGE, AB, Canada",9
"800 MAYOR MAGRATH DR, LETHBRIDGE, AB, Canada",7
"800 MINERS BD, LETHBRIDGE, AB, Canada",4
"800 MT SUNDANCE LN, LETHBRIDGE, AB, Canada",9
"800 MT SUNDANCE MN, LETHBRIDGE, AB, Canada",8
"800 RED CROW BD, LETHBRIDGE, AB, Canada",24
"800 SILKSTONE CL, LETHBRIDGE, AB, Canada",10
"800 STAFFORD DR, LETHBRIDGE, AB, Canada",18
"900 1 AV, LETHBRIDGE, AB, Canada",311
"900 10 AV, LETHBRIDGE, AB, Canada",2
"900 10 ST, LETHBRIDGE, AB, Canada",19
"900 10A AV, LETHBRIDGE, AB, Canada",1
"900 11 AV, LETHBRIDGE, AB, Canada",3
"900 11 ST, LETHBRIDGE, AB, Canada",12
"900 12 ST, LETHBRIDGE, AB, Canada",14
"900 12A ST, LETHBRIDGE, AB, Canada",53
"900 12B ST, LETHBRIDGE, AB, Canada",8
"900 13 ST, LETHBRIDGE, AB, Canada",34
"900 14 ST, LETHBRIDGE, AB, Canada",8
"900 15 ST, LETHBRIDGE, AB, Canada",15
"900 16 ST, LETHBRIDGE, AB, Canada",13
"900 17 ST, LETHBRIDGE, AB, Canada",8
"900 18 ST, LETHBRIDGE, AB, Canada",26
"900 19 ST, LETHBRIDGE, AB, Canada",404
"900 2 AV, LETHBRIDGE, AB, Canada",101
"900 20 ST, LETHBRIDGE, AB, Canada",23
"900 21 ST, LETHBRIDGE, AB, Canada",5
"900 2A AV, LETHBRIDGE, AB, Canada",272
"900 3 AV, LETHBRIDGE, AB, Canada",45
"900 36 ST, LETHBRIDGE, AB, Canada",2
"900 4 AV, LETHBRIDGE, AB, Canada",69
"900 40 AV, LETHBRIDGE, AB, Canada",10
"900 41 AV, LETHBRIDGE, AB, Canada",6
"900 44 AV, LETHBRIDGE, AB, Canada",13
"900 5 AV, LETHBRIDGE, AB, Canada",57
"900 6 AV, LETHBRIDGE, AB, Canada",37
"900 6 ST, LETHBRIDGE, AB, Canada",3
"900 7 AV, LETHBRIDGE, AB, Canada",3
"900 7 ST, LETHBRIDGE, AB, Canada",13
"900 7A ST, LETHBRIDGE, AB, Canada",18
"900 8 AV, LETHBRIDGE, AB, Canada",29
"900 8 ST, LETHBRIDGE, AB, Canada",35
"900 9 AV, LETHBRIDGE, AB, Canada",19
"900 9 ST, LETHBRIDGE, AB, Canada",35
"900 CANYONVIEW PL, LETHBRIDGE, AB, Canada",7
"900 COLUMBIA BD, LETHBRIDGE, AB, Canada",65
"900 KEYSTONE MD, LETHBRIDGE, AB, Canada",4
"900 KODIAK PL, LETHBRIDGE, AB, Canada",6
"900 MAYDELL PALMER VT, LETHBRIDGE, AB, Canada",8
"900 MAYOR MAGRATH DR, LETHBRIDGE, AB, Canada",10
"900 MINERS BD, LETHBRIDGE, AB, Canada",11
"900 PACIFIC WY, LETHBRIDGE, AB, Canada",3
"900 RED CROW BD, LETHBRIDGE, AB, Canada",5
"900 SCENIC DR, LETHBRIDGE, AB, Canada",2
"900 STAFFORD DR, LETHBRIDGE, AB, Canada",5
"900 VENTURA CR, LETHBRIDGE, AB, Canada",7
